character,sign,node,isImposterBranch,line_id,text
Alkonost,EYE,Alkonost_Eyes,True,line:Alkonost_Eyes_0f5c738,"Alkonost: Yeah, my sister cries a lot, but our eyes are still really similar. Her's are a bit calmer, maybe."
Alkonost,EYE,Alkonost_Eyes,True,line:Alkonost_Eyes_019d944,Alkonost: ...
Alkonost,EYE,Alkonost_Eyes,True,line:Alkonost_Eyes_02cc81b,Alkonost: ...That worries me.
Alkonost,EYE,Alkonost_Eyes,True,line:Alkonost_Eyes_0a454eb,"Alkonost: Yeah, my sister cries a lot, but our eyes are still really similar. They're not red, is what I mean."
Alkonost,EYE,Alkonost_Eyes,True,line:Alkonost_Eyes_0086006,Alkonost: ...
Alkonost,HANDS,Alkonost_Hands,False,line:Alkonost_Hands_0a11ac7,Alkonost: My sister isn't in any shape to take care of herself right now. So my hands are always full.
Alkonost,HANDS,Alkonost_Hands,False,line:Alkonost_Hands_04effe9,Alkonost: ...
Alkonost,TEETH,Alkonost_Teeth,False,line:Alkonost_Teeth_0aedb97,Alkonost: We've always had strong teeth in our family.
Alkonost,TEETH,Alkonost_Teeth,False,line:Alkonost_Teeth_0091081,"Alkonost: Back when I was a teenager, I even tried to open a beer with them."
Alkonost,TEETH,Alkonost_Teeth,False,line:Alkonost_Teeth_0d32053,Alkonost: ...
Alkonost,AURAPHOTO,Alkonost_Photo,False,line:Alkonost_Photo_0718558,"Alkonost: Now, I don't buy into all this flapdoodle aura business."
Alkonost,AURAPHOTO,Alkonost_Photo,False,line:Alkonost_Photo_08cff6b,"Alkonost: Everything we do, everywhere we end up—that's by our own choice. Not any of that hocus-pocus applesauce."
Alkonost,AURAPHOTO,Alkonost_Photo,False,line:Alkonost_Photo_00531bf,Alkonost: ...
Alkonost,ARMPIT,Alkonost_Armpit,True,line:Alkonost_Armpit_0d4f1cb,"Alkonost: I'll show you. But please don't bother my sister, okay? She's too tired for this."
Alkonost,ARMPIT,Alkonost_Armpit,True,line:Alkonost_Armpit_0dcde84,Alkonost: ...
Alkonost,EAR,Alkonost_Ears,False,line:Alkonost_Ears_0152215,Alkonost: Wait... What's the Visitor sign again?
Alkonost,EAR,Alkonost_Ears,False,line:Alkonost_Ears_0d269ae,Alkonost: What are you looking for?
Alkonost,EAR,Alkonost_Ears,False,line:Alkonost_Ears_08a71fa,Alkonost: ...
Alt,EYE,Alt_Eyes,False,line:Alt_Eyes_04f2012,"Alt: Oh, my eyes? I like them almost as much as my tattoos."
Alt,EYE,Alt_Eyes,False,line:Alt_Eyes_0a3dadb,Alt: …
Alt,HANDS,Alt_Hands,False,line:Alt_Hands_039e262,Alt: Got dealt a bad hand with the nails.
Alt,HANDS,Alt_Hands,False,line:Alt_Hands_03a6871,Alt: I called a cab to get to the outskirts in peace.
Alt,HANDS,Alt_Hands,False,line:Alt_Hands_05e1834,Alt: But…
Alt,HANDS,Alt_Hands,False,line:Alt_Hands_0c047e4,Alt: …
Alt,TEETH,Alt_Teeth,True,line:Alt_Teeth_03ad714,"Alt: I'm warning you, I'm a real business shark."
Alt,TEETH,Alt_Teeth,True,line:Alt_Teeth_0bc33cf,Alt: Hahaha.
Alt,TEETH,Alt_Teeth,True,line:Alt_Teeth_06f6feb,Alt: …
Alt,AURAPHOTO,Alt_Photo,False,line:Alt_Photo_0ea467e,"Alt: Oh wow, you've got a camera too."
Alt,AURAPHOTO,Alt_Photo,False,line:Alt_Photo_088b0ef,Alt: …
Alt,ARMPIT,Alt_Armpit,False,line:Alt_Armpit_0b34e96,Alt: I don't mind showing my armpits.
Alt,ARMPIT,Alt_Armpit,False,line:Alt_Armpit_0690e2c,Alt: It's just…not a nice sight.
Alt,ARMPIT,Alt_Armpit,False,line:Alt_Armpit_05ebd27,Alt: …
Alt,EAR,Alt_Ears,False,line:Alt_Ears_03aa796,Alt: Hm. Alright.
Alt,EAR,Alt_Ears,False,line:Alt_Ears_0a0bdbb,Alt: …
Anger,EYE,Anger_Eyes,False,line:Anger_Eyes_070bb2c,"Anger: Whatever. Gaze into ‘em, if that's what you want."
Anger,EYE,Anger_Eyes,False,line:Anger_Eyes_057ecdf,Anger:...
Anger,HANDS,Anger_Hands,True,line:Anger_Hands_091cb31,"Anger: Sure, whatever."
Anger,HANDS,Anger_Hands,True,line:Anger_Hands_094fef5,Anger:...
Anger,TEETH,Anger_Teeth,True,line:Anger_Teeth_0d341e3,Anger: I don't give a fuck. Here.
Anger,TEETH,Anger_Teeth,True,line:Anger_Teeth_0322e01,Anger:...
Anger,AURAPHOTO,Anger_Photo,False,line:Anger_Photo_0566de4,"Anger: Oh yeah, shitlord?"
Anger,AURAPHOTO,Anger_Photo,False,line:Anger_Photo_08e48a2,Anger: ...
Anger,ARMPIT,Anger_Armpit,False,line:Anger_Armpit_0f83332,Anger: I don't give a flying fuck.
Anger,ARMPIT,Anger_Armpit,False,line:Anger_Armpit_0477d77,Anger:...
Anger,EAR,Anger_Ears,False,line:Anger_Ears_06e1895,Anger: Fuck...
Anger,EAR,Anger_Ears,False,line:Anger_Ears_0583a97,Anger: ...
Anxiety,EYE,Anxiety_Eyes,False,line:Anxiety_Eyes_007b2a7,Anxiety: You want to check my eyes?
Anxiety,EYE,Anxiety_Eyes,False,line:Anxiety_Eyes_0977f42,Anxiety: I can already guess what you'll see...
Anxiety,EYE,Anxiety_Eyes,False,line:Anxiety_Eyes_046023f,Anxiety: What happens if I have one of the signs?
Anxiety,EYE,Anxiety_Eyes,False,line:Anxiety_Eyes_0fd0e73,Anxiety: ...
Anxiety,HANDS,Anxiety_Hands,False,line:Anxiety_Hands_0c705b4,Anxiety: Y-You wanna look at my fingernails? That's a weird thing to check...
Anxiety,HANDS,Anxiety_Hands,False,line:Anxiety_Hands_05e6450,Anxiety: But okay... Take a look...
Anxiety,HANDS,Anxiety_Hands,False,line:Anxiety_Hands_06b2d98,Anxiety: ...
Anxiety,TEETH,Anxiety_Teeth,False,line:Anxiety_Teeth_0cc57a5,Anxiety: W-Wait what—you're gonna make a decision based on my teeth? O-Okay...
Anxiety,TEETH,Anxiety_Teeth,False,line:Anxiety_Teeth_0b2e7c5,Anxiety: I just had my teeth fixed.
Anxiety,TEETH,Anxiety_Teeth,False,line:Anxiety_Teeth_06e74da,"Anxiety: Though, if I'm honest..."
Anxiety,TEETH,Anxiety_Teeth,False,line:Anxiety_Teeth_01800b2,Anxiety: I can't really remember being at the dentist. Was I ever even there?
Anxiety,TEETH,Anxiety_Teeth,False,line:Anxiety_Teeth_03fb6e0,"Anxiety: God, I'm so nervous, I can't even remember if I ate yesterday."
Anxiety,TEETH,Anxiety_Teeth,False,line:Anxiety_Teeth_0d7c9e9,Anxiety: ...
Anxiety,AURAPHOTO,Anxiety_Photo,False,line:Anxiety_Photo_033880d,Anxiety: I-If it turns out I'm a Visitor...does that mean I'll start killing people?
Anxiety,AURAPHOTO,Anxiety_Photo,False,line:Anxiety_Photo_036a35a,Anxiety: Will I be dangerous? Or...was I always dangerous?
Anxiety,AURAPHOTO,Anxiety_Photo,False,line:Anxiety_Photo_0f11148,Anxiety: Maybe... Maybe I already kill people?
Anxiety,AURAPHOTO,Anxiety_Photo,False,line:Anxiety_Photo_0406a0e,Anxiety: ...
Anxiety,ARMPIT,Anxiety_Armpit,False,line:Anxiety_Armpit_0af5fc4,Anxiety: Just like those Visitors back home...
Anxiety,ARMPIT,Anxiety_Armpit,False,line:Anxiety_Armpit_0a0ea04,"Anxiety: ...Sorry, it was a horrible experience. I'll show you."
Anxiety,ARMPIT,Anxiety_Armpit,False,line:Anxiety_Armpit_02cd238,Anxiety: ...
Anxiety,EAR,Anxiety_Ears,False,line:Anxiety_Ears_0df1bae,Anxiety: Wh-Why are there so many signs?
Anxiety,EAR,Anxiety_Ears,False,line:Anxiety_Ears_0f7b04e,Anxiety: WHY DO I FIT EVERY SINGLE ONE OF THEM?! HAHAHA!
Anxiety,EAR,Anxiety_Ears,False,line:Anxiety_Ears_0577d53,Anxiety: ...
Bald,EYE,Bald_Eyes,False,line:Bald_Eyes_0f27462,"Bald: You probably noticed, I’ve got this crappy thing on my eye."
Bald,EYE,Bald_Eyes,False,line:Bald_Eyes_097c95a,Bald: …
Bald,HANDS,Bald_Hands,True,line:Bald_Hands_047bfdf,"Bald: I've, uh…got eczema. That’s why there’s a bandage on my arm."
Bald,HANDS,Bald_Hands,True,line:Bald_Hands_0468805,Bald: …
Bald,TEETH,Bald_Teeth,False,line:Bald_Teeth_0682b1d,Bald: Uh…sure. I smoke sometimes. Hope I don’t stink too much.
Bald,TEETH,Bald_Teeth,False,line:Bald_Teeth_01127b1,Bald: …
Bald,AURAPHOTO,Bald_Photo,False,line:Bald_Photo_0b444c9,"Bald: Oh, I love that. Roll camera!"
Bald,AURAPHOTO,Bald_Photo,False,line:Bald_Photo_0b21761,Bald: …
Bald,ARMPIT,Bald_Armpit,True,line:Bald_Armpit_0bff792,"Bald: Don’t freak out, alright?"
Bald,ARMPIT,Bald_Armpit,True,line:Bald_Armpit_0c176bd,Bald: …
Bald,ARMPIT,Bald_Armpit,True,line:Bald_Armpit_041c7d2,"Bald: It’s just another skin thing. See? I’m bald, and I’ve got patches like that all over."
Bald,ARMPIT,Bald_Armpit,True,line:Bald_Armpit_0830f11,"Bald: Shit, I haven’t showered in forever. My bad."
Bald,ARMPIT,Bald_Armpit,True,line:Bald_Armpit_021a31e,Bald: …
Bald,EAR,Bald_Ears,False,line:Bald_Ears_01d466a,"Bald: Yeah, sure thing."
Bald,EAR,Bald_Ears,False,line:Bald_Ears_0c42e60,Bald: …
Ballerina,EYE,Ballerina_Eyes,False,line:Ballerina_Eyes_0ba8378,"Ballerina: Aaaaah, now to most interesting part."
Ballerina,EYE,Ballerina_Eyes,False,line:Ballerina_Eyes_0d49e38,Ballerina: I have things written in pupils. See...?
Ballerina,EYE,Ballerina_Eyes,False,line:Ballerina_Eyes_0ecf009,Ballerina: ...
Ballerina,HANDS,Ballerina_Hands,False,line:Ballerina_Hands_060e4e4,Ballerina: So what?
Ballerina,HANDS,Ballerina_Hands,False,line:Ballerina_Hands_00c042e,Ballerina: I dance. Why interrupt to look at dancey hands?
Ballerina,HANDS,Ballerina_Hands,False,line:Ballerina_Hands_03cd050,Ballerina: ...
Ballerina,TEETH,Ballerina_Teeth,False,line:Ballerina_Teeth_018d631,Ballerina: Teeth?
Ballerina,TEETH,Ballerina_Teeth,False,line:Ballerina_Teeth_034e1cf,Ballerina: You chew up what conscience leaves behind?
Ballerina,TEETH,Ballerina_Teeth,False,line:Ballerina_Teeth_07cf1fb,Ballerina: ...
Ballerina,AURAPHOTO,Ballerina_Photo,False,line:Ballerina_Photo_066c216,Ballerina: What is? I do not know.
Ballerina,AURAPHOTO,Ballerina_Photo,False,line:Ballerina_Photo_0d12a9a,Ballerina: Time to try.
Ballerina,AURAPHOTO,Ballerina_Photo,False,line:Ballerina_Photo_05bc0bb,Ballerina: ...
Ballerina,ARMPIT,Ballerina_Armpit,False,line:Ballerina_Armpit_043425f,Ballerina: HAHAHAHA! Stare. Sniff. What else?
Ballerina,ARMPIT,Ballerina_Armpit,False,line:Ballerina_Armpit_08d9312,Ballerina: ...
Ballerina,EAR,Ballerina_Ears,False,line:Ballerina_Ears_03604e9,"Ballerina: Ahhh, good sign."
Ballerina,EAR,Ballerina_Ears,False,line:Ballerina_Ears_05ef528,Ballerina: ...
Bestson,EYE,Bestson_Eyes,True,line:Bestson_Eyes_04ab7f5,Bestson: Huh? What about them?
Bestson,EYE,Bestson_Eyes,True,line:Bestson_Eyes_01d3f00,Bestson: …
Bestson,HANDS,Bestson_Hands,True,line:Bestson_Hands_0e219a7,"Bestson: Oh... Well, okay..."
Bestson,HANDS,Bestson_Hands,True,line:Bestson_Hands_074a187,Bestson: …
Bestson,TEETH,Bestson_Teeth,True,line:Bestson_Teeth_07feb4a,Bestson: Oh... Is it really that bad? Well...okay...
Bestson,TEETH,Bestson_Teeth,True,line:Bestson_Teeth_0466b50,Bestson: …
Bestson,AURAPHOTO,Bestson_Photo,False,line:Bestson_Photo_0273242,"Bestson: You wanna take a picture? Well...okay. Just...tell me that everything's fine afterwards, okay?"
Bestson,AURAPHOTO,Bestson_Photo,False,line:Bestson_Photo_03ed4b8,Bestson: …
Bestson,ARMPIT,Bestson_Armpit,True,line:Bestson_Armpit_000dfa0,"Bestson: Uh... Well, okay..."
Bestson,ARMPIT,Bestson_Armpit,True,line:Bestson_Armpit_063a4c6,Bestson: …
Bestson,EAR,Bestson_Ears,False,line:Bestson_Ears_0be7814,Bestson: Huh? Well...okay...
Bestson,EAR,Bestson_Ears,False,line:Bestson_Ears_07013da,Bestson: …
BigLebowski,EYE,BigLebowski_Eyes,False,line:BigLebowski_Eyes_01970dc,BigLebowski: Watch those hands. One wrong move and you're losing an eye.
BigLebowski,EYE,BigLebowski_Eyes,False,line:BigLebowski_Eyes_0effe55,BigLebowski: ...
BigLebowski,HANDS,BigLebowski_Hands,True,line:BigLebowski_Hands_026864f,BigLebowski: Hm...
BigLebowski,HANDS,BigLebowski_Hands,True,line:BigLebowski_Hands_088a3e3,"BigLebowski: Whatever. Just don't freak out, alright?"
BigLebowski,HANDS,BigLebowski_Hands,True,line:BigLebowski_Hands_07d7ea8,BigLebowski: ...
BigLebowski,HANDS,BigLebowski_Hands,True,line:BigLebowski_Hands_01adcbb,BigLebowski: It's an allergic reaction. I break out in itchy rashes. Nasty stuff. Had it since I was a lil kid.
BigLebowski,HANDS,BigLebowski_Hands,True,line:BigLebowski_Hands_0d1c23a,BigLebowski: Here.
BigLebowski,HANDS,BigLebowski_Hands,True,line:BigLebowski_Hands_059f39a,BigLebowski: ...
BigLebowski,TEETH,BigLebowski_Teeth,True,line:BigLebowski_Teeth_0c889b9,"BigLebowski: Weird thing to ask. And hey, you try anything and I'll bust your face in. For real."
BigLebowski,TEETH,BigLebowski_Teeth,True,line:BigLebowski_Teeth_0b71b83,BigLebowski: ...
BigLebowski,AURAPHOTO,BigLebowski_Photo,False,line:BigLebowski_Photo_07ea442,BigLebowski: ...
BigLebowski,AURAPHOTO,BigLebowski_Photo,False,line:BigLebowski_Photo_007f361,"BigLebowski: If you're planning on sending this photo somewhere to help my parents track me down, you can fuck right off."
BigLebowski,AURAPHOTO,BigLebowski_Photo,False,line:BigLebowski_Photo_00818ec,BigLebowski: ...
BigLebowski,EAR,BigLebowski_Ears,True,line:BigLebowski_Ears_080e67b,BigLebowski: Urgh. Whatever. I don't care.
BigLebowski,EAR,BigLebowski_Ears,True,line:BigLebowski_Ears_0140d7b,BigLebowski: ...
Blind,EYE,Blind_Eyes,False,line:Blind_Eyes_0607280,Blind: Hahahaha... Nothing unusual here!
Blind,EYE,Blind_Eyes,False,line:Blind_Eyes_03fbc06,Blind: ...
Blind,HANDS,Blind_Hands,False,line:Blind_Hands_07b48bd,Blind: Are they moving?
Blind,HANDS,Blind_Hands,False,line:Blind_Hands_0a1165a,Blind: ...
Blind,TEETH,Blind_Teeth,False,line:Blind_Teeth_04c571e,Blind: By the way...they are the last witnesses.
Blind,TEETH,Blind_Teeth,False,line:Blind_Teeth_0b8c49c,Blind: ...
Blind,AURAPHOTO,Blind_Photo,False,line:Blind_Photo_0bb91a7,"Blind: Go ahead, use the flash. I don't care."
Blind,AURAPHOTO,Blind_Photo,False,line:Blind_Photo_0bd8603,Blind: ...
Blind,ARMPIT,Blind_Armpit,False,line:Blind_Armpit_009d9d4,Blind: Funny.
Blind,ARMPIT,Blind_Armpit,False,line:Blind_Armpit_02e7552,Blind: ...
Blind,EAR,Blind_Ears,False,line:Blind_Ears_00b8a51,Blind: Did you hear that?
Blind,EAR,Blind_Ears,False,line:Blind_Ears_0f3dc74,Blind: ...
Buddy,EYE,Buddy_Eyes,False,line:Buddy_Eyes_018de8d,"Buddy: Sure, take a look."
Buddy,EYE,Buddy_Eyes,False,line:Buddy_Eyes_050d3ee,Buddy: …
Buddy,EYE,Fatman_Eyes,True,line:Fatman_Eyes_06d38ce,"Fatman: Yeah, yeah, hold on..."
Buddy,EYE,Fatman_Eyes,True,line:Fatman_Eyes_0efd0d8,Fatman: ...
Buddy,HANDS,Buddy_Hands,True,line:Buddy_Hands_0086de5,"Buddy: Here, take a look..."
Buddy,HANDS,Buddy_Hands,True,line:Buddy_Hands_0713bea,Buddy: …
Buddy,HANDS,Fatman_Hands,False,line:Fatman_Hands_0ff0cec,Fatman: Take a good look...
Buddy,HANDS,Fatman_Hands,False,line:Fatman_Hands_022152d,Fatman: …
Buddy,TEETH,Buddy_Teeth,False,line:Buddy_Teeth_0fa8546,"Buddy: Yep, take a look..."
Buddy,TEETH,Buddy_Teeth,False,line:Buddy_Teeth_0c490c8,Buddy: ...
Buddy,AURAPHOTO,Buddy_Photo,False,line:Buddy_Photo_066ef22,"Buddy: Ah. Alright, snap a pic if you gotta."
Buddy,AURAPHOTO,Buddy_Photo,False,line:Buddy_Photo_040fae3,Buddy: …
Buddy,ARMPIT,Buddy_Armpit,False,line:Buddy_Armpit_0e6e420,"Buddy: Uh, buddy... You sure about this? I mean, go ahead."
Buddy,ARMPIT,Buddy_Armpit,False,line:Buddy_Armpit_0f1af7a,Buddy: …
Buddy,EAR,Buddy_Ears,False,line:Buddy_Ears_0ac6626,"Buddy: Here they are... Just plain ol' ears, nothin' fancy."
Buddy,EAR,Buddy_Ears,False,line:Buddy_Ears_0304fae,Buddy: …
Buddy,EAR,Fatman_Ears,False,line:Fatman_Ears_0bea36b,Fatman: Nothing to see there...
Buddy,EAR,Fatman_Ears,False,line:Fatman_Ears_00c6c80,Fatman: …
Cold,EYE,Cold_Eyes,False,line:Cold_Eyes_083cc02,"Cold: Now... Eyes are a window to hell, not to the s-soul."
Cold,EYE,Cold_Eyes,False,line:Cold_Eyes_00ae88d,Cold: My soul b-burned out long ago. Maybe that's why I'm so c-c-cold.
Cold,EYE,Cold_Eyes,False,line:Cold_Eyes_0a48646,Cold: ...
Cold,HANDS,Cold_Hands,False,line:Cold_Hands_0967f38,"Cold: N-Nails? Sure, I'll show you."
Cold,HANDS,Cold_Hands,False,line:Cold_Hands_0eea474,Cold: Hm. I t-tore them all off.
Cold,HANDS,Cold_Hands,False,line:Cold_Hands_016281d,"Cold: Still, you can t-take a look."
Cold,HANDS,Cold_Hands,False,line:Cold_Hands_0f55709,Cold: ...
Cold,TEETH,Cold_Teeth,False,line:Cold_Teeth_03cbefb,"Cold: Mm, t-t-teeth?"
Cold,TEETH,Cold_Teeth,False,line:Cold_Teeth_0a6538e,Cold: Sure... T-Take a look.
Cold,TEETH,Cold_Teeth,False,line:Cold_Teeth_0d30991,Cold: ...
Cold,AURAPHOTO,Cold_Photo,False,line:Cold_Photo_0838d7b,Cold: What does a photograph p-prove?
Cold,AURAPHOTO,Cold_Photo,False,line:Cold_Photo_0e76fbc,Cold: Does it not s-seem strange to you?
Cold,AURAPHOTO,Cold_Photo,False,line:Cold_Photo_0c3172f,Cold: B-B-But...it's not up to me. Is it?
Cold,AURAPHOTO,Cold_Photo,False,line:Cold_Photo_00a8b4f,Cold: ...
Cold,ARMPIT,Cold_Armpit,False,line:Cold_Armpit_0e44be9,Cold: Mm...
Cold,ARMPIT,Cold_Armpit,False,line:Cold_Armpit_0b4af68,Cold: I... I need a m-moment.
Cold,ARMPIT,Cold_Armpit,False,line:Cold_Armpit_06ec859,Cold: J-Just...
Cold,ARMPIT,Cold_Armpit,False,line:Cold_Armpit_068ca44,Cold: ...Now. Look. Q-Quickly.
Cold,ARMPIT,Cold_Armpit,False,line:Cold_Armpit_018f45c,Cold: ...
Cold,EAR,Cold_Ears,False,line:Cold_Ears_06b59e8,Cold: Our b-bodies are nothing but holes.
Cold,EAR,Cold_Ears,False,line:Cold_Ears_080557d,Cold: Maybe that's why p-p-people vanish so easily? S-Swallowed up the moment you turn away.
Cold,EAR,Cold_Ears,False,line:Cold_Ears_0d082da,Cold: ...
Couple,EYE,Couple_Eyes,False,line:Couple_Eyes_0d65c54,"Couple: Sure, show me yours and I'll show you mine!"
Couple,EYE,Couple_Eyes,False,line:Couple_Eyes_0b97b2b,"Couple: Sorry... I'm a little nervous... But who wouldn't be? Being tested is terrifying, even when you've got nothing to hide."
Couple,EYE,Couple_Eyes,False,line:Couple_Eyes_0bcc40a,Couple: ...
Couple,HANDS,Couple_Hands,True,line:Couple_Hands_0b31ec5,"Couple: Yepadoodle! My wife and I keep clean, don't we, honey?"
Couple,HANDS,Couple_Hands,True,line:Couple_Hands_061efcf,Couple: ...
Couple,TEETH,Couple_Teeth,False,line:Couple_Teeth_0cd96bc,"Couple: To protect the ones you love, sometimes you gotta sink your teeth into life, haha."
Couple,TEETH,Couple_Teeth,False,line:Couple_Teeth_0a1a0ce,Couple: ...
Couple,AURAPHOTO,Couple_Photo,False,line:Couple_Photo_026b1b7,Couple: But... I guess that might give you reason to suspect us.
Couple,AURAPHOTO,Couple_Photo,False,line:Couple_Photo_036f144,"Couple: Hold on, let me think..."
Couple,AURAPHOTO,Couple_Photo,False,line:Couple_Photo_016db2b,Couple: ...
Couple,AURAPHOTO,Couple_Photo,False,line:Couple_Photo_034d891,Couple: Fine. Take the damn picture. But I get to keep it after.
Couple,AURAPHOTO,Couple_Photo,False,line:Couple_Photo_0eeb804,Couple: ...
Couple,ARMPIT,Couple_Armpit,True,line:Couple_Armpit_03f4403,"Couple: Oh, no, no, no. I'll be the only one showing you those, buster!"
Couple,ARMPIT,Couple_Armpit,True,line:Couple_Armpit_0410460,Couple: ...
Couple,EAR,Couple_Ears,True,line:Couple_Ears_002d8ed,Couple: I don't see how that has anything to do with the Visitors.
Couple,EAR,Couple_Ears,True,line:Couple_Ears_0c36835,"Couple: But sure, I've got nothing to hide. Here."
Couple,EAR,Couple_Ears,True,line:Couple_Ears_0c00c3f,Couple: ...
Couple,EAR,Couple_Ears,True,line:Couple_Ears_0d90b24,Couple: And? What do you see?
Couple,EAR,Couple_Ears,True,line:Couple_Ears_039e960,"Couple: Honey, you ever hear anything about ears being a sign of a Visitor? Quiet as a mouse, you are!"
Couple,EAR,Couple_Ears,True,line:Couple_Ears_0cb0d6b,"Couple: Oh, really? Hm. I see... Okay."
Couple,EAR,Couple_Ears,True,line:Couple_Ears_017f5fe,Couple: ...
CultistOne,EYE,Cultist1_Eyes,False,line:Cultist1_Eyes_07aa212,Cultist1: ...
CultistOne,EYE,Cultist1_Eyes,False,line:Cultist1_Eyes_0330f69,Cultist1: ...
CultistOne,HANDS,Cultist1_Hands,False,line:Cultist1_Hands_0e78f96,Cultist1: ...
CultistOne,HANDS,Cultist1_Hands,False,line:Cultist1_Hands_01f2281,Cultist1: ...
CultistOne,TEETH,Cultist1_Teeth,False,line:Cultist1_Teeth_0a23e8d,Cultist1: ...
CultistOne,TEETH,Cultist1_Teeth,False,line:Cultist1_Teeth_0096727,Cultist1: ...
CultistOne,AURAPHOTO,Cultist1_Photo,False,line:Cultist1_Photo_0e1a928,Cultist1: ...
CultistOne,AURAPHOTO,Cultist1_Photo,False,line:Cultist1_Photo_0147428,Cultist1: If that is what you decree.
CultistOne,AURAPHOTO,Cultist1_Photo,False,line:Cultist1_Photo_0cb7dbb,Cultist1: ...
CultistOne,ARMPIT,Cultist1_Armpit,False,line:Cultist1_Armpit_030ef2f,Cultist1: ...
CultistOne,ARMPIT,Cultist1_Armpit,False,line:Cultist1_Armpit_0567335,Cultist1: ...
CultistOne,EAR,Cultist1_Ears,False,line:Cultist1_Ears_0d73801,Cultist1: ...
CultistOne,EAR,Cultist1_Ears,False,line:Cultist1_Ears_0308e5e,Cultist1: ...
CultistThree,EYE,Cultist3_Eyes,False,line:Cultist3_Eyes_08e1515,Cultist3: These eyes of mine now hardly see.
CultistThree,EYE,Cultist3_Eyes,False,line:Cultist3_Eyes_0e857be,Cultist3: ...
CultistThree,HANDS,Cultist3_Hands,False,line:Cultist3_Hands_07dd8e7,Cultist3: These make us look like the Outsiders.
CultistThree,HANDS,Cultist3_Hands,False,line:Cultist3_Hands_0f762c5,Cultist3: ...
CultistThree,TEETH,Cultist3_Teeth,False,line:Cultist3_Teeth_0db061a,Cultist3: Amusing how the lower and upper jaws can be so different.
CultistThree,TEETH,Cultist3_Teeth,False,line:Cultist3_Teeth_06b4d22,Cultist3: ...
CultistThree,AURAPHOTO,Cultist3_Photo,False,line:Cultist3_Photo_0c4accf,Cultist3: ...
CultistThree,AURAPHOTO,Cultist3_Photo,False,line:Cultist3_Photo_0a93a28,Cultist3: ...
CultistThree,ARMPIT,Cultist3_Armpit,False,line:Cultist3_Armpit_0ebefd9,Cultist3: I shall attempt to shift my robe. Please be patient.
CultistThree,ARMPIT,Cultist3_Armpit,False,line:Cultist3_Armpit_0327d80,Cultist3: ...
CultistThree,EAR,Cultist3_Ears,False,line:Cultist3_Ears_0f3086c,Cultist3: ...
CultistThree,EAR,Cultist3_Ears,False,line:Cultist3_Ears_07b012c,Cultist3: ...
CultistTwo,EYE,Cultist2_Eyes,False,line:Cultist2_Eyes_0144eb6,Cultist2: Sleep lays beyond our reach.
CultistTwo,EYE,Cultist2_Eyes,False,line:Cultist2_Eyes_0181923,Cultist2: ...
CultistTwo,HANDS,Cultist2_Hands,False,line:Cultist2_Hands_0565b87,Cultist2: ...
CultistTwo,HANDS,Cultist2_Hands,False,line:Cultist2_Hands_022eb07,Cultist2: ...
CultistTwo,TEETH,Cultist2_Teeth,False,line:Cultist2_Teeth_01b951e,Cultist2: But of course.
CultistTwo,TEETH,Cultist2_Teeth,False,line:Cultist2_Teeth_041707e,Cultist2: Crooked as a soul...and perhaps larger than advisable.
CultistTwo,TEETH,Cultist2_Teeth,False,line:Cultist2_Teeth_05fddfc,Cultist2: ...
CultistTwo,AURAPHOTO,Cultist2_Photo,False,line:Cultist2_Photo_0344f61,Cultist2: A picture...? This is new.
CultistTwo,AURAPHOTO,Cultist2_Photo,False,line:Cultist2_Photo_073396f,Cultist2: I find myself feeling...uneasy.
CultistTwo,AURAPHOTO,Cultist2_Photo,False,line:Cultist2_Photo_0b17cac,Cultist2: ...
CultistTwo,ARMPIT,Cultist2_Armpit,False,line:Cultist2_Armpit_00d9cd8,Cultist2: ...
CultistTwo,ARMPIT,Cultist2_Armpit,False,line:Cultist2_Armpit_01cf4ea,Cultist2: ...
CultistTwo,EAR,Cultist2_Ears,False,line:Cultist2_Ears_0df809b,Cultist2: ...
CultistTwo,EAR,Cultist2_Ears,False,line:Cultist2_Ears_08c4dee,Cultist2: ...
Daughter,EYE,Daughter_Eyes,False,line:Daughter_Eyes_081c02f,Daughter: You're gonna look inside my eyes?
Daughter,EYE,Daughter_Eyes,False,line:Daughter_Eyes_0707f88,Daughter: Will you see what I'm thinking about?
Daughter,EYE,Daughter_Eyes,False,line:Daughter_Eyes_09241b2,"Daughter: In that case, I'll make sure to think really carefully, don't worry."
Daughter,EYE,Daughter_Eyes,False,line:Daughter_Eyes_0b93d66,Daughter: ...
Daughter,HANDS,Daughter_Hands,False,line:Daughter_Hands_069c6f0,Daughter: I can cut my own nails already.
Daughter,HANDS,Daughter_Hands,False,line:Daughter_Hands_0501f2e,Daughter: I'm not very good at it yet...
Daughter,HANDS,Daughter_Hands,False,line:Daughter_Hands_0eb8e48,Daughter: Look. See!
Daughter,HANDS,Daughter_Hands,False,line:Daughter_Hands_0f57559,Daughter: ...
Daughter,TEETH,Daughter_Teeth,False,line:Daughter_Teeth_0edf43e,Daughter: My teeth? You want me to show you my teeth?
Daughter,TEETH,Daughter_Teeth,False,line:Daughter_Teeth_04b3012,Daughter: Why? I still have some baby teeth. Dad said...
Daughter,TEETH,Daughter_Teeth,False,line:Daughter_Teeth_0cdf7d4,Daughter: I'm not gonna cry anymore.
Daughter,TEETH,Daughter_Teeth,False,line:Daughter_Teeth_030b97f,Daughter: ...
Daughter,AURAPHOTO,Daughter_Photo,False,line:Daughter_Photo_052fe5e,Daughter: A photograph?
Daughter,AURAPHOTO,Daughter_Photo,False,line:Daughter_Photo_03b6527,Daughter: I don't have many pictures of me.
Daughter,AURAPHOTO,Daughter_Photo,False,line:Daughter_Photo_0ac1ec6,Daughter: Will you show me it after?
Daughter,AURAPHOTO,Daughter_Photo,False,line:Daughter_Photo_08d386d,Daughter: ...
Daughter,EAR,Daughter_Ears,False,line:Daughter_Ears_0797223,Daughter: Daddy said you have to be careful of ticks and bugs. Is that what you're looking for?
Daughter,EAR,Daughter_Ears,False,line:Daughter_Ears_0a2550f,Daughter: ...
Doc,EYE,Doctor_Eyes,False,line:Doctor_Eyes_057f2d9,"Doctor: Of course, I'll show you my eyes."
Doc,EYE,Doctor_Eyes,False,line:Doctor_Eyes_00306a5,"Doctor: Not sure if you noticed, I've got polycoria."
Doc,EYE,Doctor_Eyes,False,line:Doctor_Eyes_024d460,"Doctor: It's an official diagnosis, yes."
Doc,EYE,Doctor_Eyes,False,line:Doctor_Eyes_03acf9f,Doctor: ...
Doc,HANDS,Doctor_Hands,False,line:Doctor_Hands_0073ddc,"Doctor: Yes, these hands have performed countless surgeries."
Doc,HANDS,Doctor_Hands,False,line:Doctor_Hands_0f6f956,Doctor: I could tell you operating table stories for days...but maybe another time.
Doc,HANDS,Doctor_Hands,False,line:Doctor_Hands_087ef7f,"Doctor: For now, please, take a look at them."
Doc,HANDS,Doctor_Hands,False,line:Doctor_Hands_03db016,Doctor: ...
Doc,TEETH,Doctor_Teeth,False,line:Doctor_Teeth_0cb0833,"Doctor: Thank you for your concern, but my teeth are in perfect health."
Doc,TEETH,Doctor_Teeth,False,line:Doctor_Teeth_040aaec,"Doctor: Ah, you mean to check for signs of being a Visitor."
Doc,TEETH,Doctor_Teeth,False,line:Doctor_Teeth_0b8926a,"Doctor: Of course, take a look."
Doc,TEETH,Doctor_Teeth,False,line:Doctor_Teeth_03520dd,Doctor: ...
Doc,AURAPHOTO,Doctor_Photo,False,line:Doctor_Photo_00a0977,Doctor: No problem at all.
Doc,AURAPHOTO,Doctor_Photo,False,line:Doctor_Photo_0353b00,Doctor: You have to thoroughly check every little thing. I can only assume this must be part of it.
Doc,AURAPHOTO,Doctor_Photo,False,line:Doctor_Photo_0eefed1,Doctor: ...
Doc,ARMPIT,Doctor_Armpit,False,line:Doctor_Armpit_0dd8566,"Doctor: Yes, just a moment. I'm not as quick as I used to be."
Doc,ARMPIT,Doctor_Armpit,False,line:Doctor_Armpit_0db51c9,Doctor: ...
Doc,EAR,Doctor_Ears,False,line:Doctor_Ears_0bf5989,Doctor: Fair enough. I trust you know what you're doing.
Doc,EAR,Doctor_Ears,False,line:Doctor_Ears_02804d6,Doctor: ...
Dude,EYE,Dude_Eyes,True,line:Dude_Eyes_038a5f1,"Dude: Can't keep my lids open too long. Looking at stuff stresses me out, man."
Dude,EYE,Dude_Eyes,True,line:Dude_Eyes_055371e,Dude: ...
Dude,HANDS,Dude_Hands,True,line:Dude_Hands_076adb3,"Dude: Dude, I was, like, diggin' up a geocache recently. Dirt? Don't sweat it."
Dude,HANDS,Dude_Hands,True,line:Dude_Hands_06d3faa,Dude: Whoa-whoa!
Dude,HANDS,Dude_Hands,True,line:Dude_Hands_0c1560f,Dude: ...
Dude,TEETH,Dude_Teeth,False,line:Dude_Teeth_089adb1,"Dude: Hahaha, check it!"
Dude,TEETH,Dude_Teeth,False,line:Dude_Teeth_0db00e3,Dude: ...
Dude,AURAPHOTO,Dude_Photo,False,line:Dude_Photo_0475679,"Dude: Sure, dude!"
Dude,AURAPHOTO,Dude_Photo,False,line:Dude_Photo_0c9a371,Dude: ...
Dude,ARMPIT,Dude_Armpit,True,line:Dude_Armpit_0a8042d,"Dude: Hold up, bro...gotta watch the strip show first."
Dude,ARMPIT,Dude_Armpit,True,line:Dude_Armpit_06a9d2e,Dude: ...
Dude,EAR,Dude_Ears,False,line:Dude_Ears_06cf205,Dude: Uh-huh.
Dude,EAR,Dude_Ears,False,line:Dude_Ears_060d599,Dude: ...
Edgar,EYE,Edgar_Eyes,True,line:Edgar_Eyes_018b52b,"Edgar: Even the memory of her eyes unsettles me so... Forgive me, you wished to see my own..."
Edgar,EYE,Edgar_Eyes,True,line:Edgar_Eyes_0923b73,Edgar: ...
Edgar,HANDS,Edgar_Hands,False,line:Edgar_Hands_0185d1b,"Edgar: She had such tender hands. At times I feared they would dissolve into mine, like she was a ghost…"
Edgar,HANDS,Edgar_Hands,False,line:Edgar_Hands_04546fb,Edgar: ...
Edgar,TEETH,Edgar_Teeth,False,line:Edgar_Teeth_054e7d6,Edgar: I remember how pearls shone in her mouth... How I cherished her smile...
Edgar,TEETH,Edgar_Teeth,False,line:Edgar_Teeth_0fd5b76,Edgar: ...
Edgar,AURAPHOTO,Edgar_Photo,False,line:Edgar_Photo_049a514,Edgar: Very well.
Edgar,AURAPHOTO,Edgar_Photo,False,line:Edgar_Photo_0c694d9,Edgar: ...
Edgar,ARMPIT,Edgar_Armpit,True,line:Edgar_Armpit_0fb6efa,"Edgar: Yes, of course."
Edgar,ARMPIT,Edgar_Armpit,True,line:Edgar_Armpit_09a957d,Edgar: ...
Edgar,EAR,Edgar_Ears,False,line:Edgar_Ears_0c6c999,"Edgar: What was, remains."
Edgar,EAR,Edgar_Ears,False,line:Edgar_Ears_0d9bd61,Edgar: ...
Esenin,EYE,Esenin_Eyes,False,line:Esenin_Eyes_06ca9f9,Esenin: Every day is more ridiculous than the last.
Esenin,EYE,Esenin_Eyes,False,line:Esenin_Eyes_07497b4,Esenin: What if I hadn't slept? Or was crying?
Esenin,EYE,Esenin_Eyes,False,line:Esenin_Eyes_0d451cc,Esenin: I don't understand how this works at all anymore.
Esenin,EYE,Esenin_Eyes,False,line:Esenin_Eyes_0bb04ba,Esenin: And what are you going to do if one sign confirms it? Or several?
Esenin,EYE,Esenin_Eyes,False,line:Esenin_Eyes_0df9d03,Esenin: ...
Esenin,HANDS,Esenin_Hands,False,line:Esenin_Hands_0b19ae8,Esenin: Fingernails caked with dirt are a sign?
Esenin,HANDS,Esenin_Hands,False,line:Esenin_Hands_00ef75d,Esenin: They could just wash their hands!
Esenin,HANDS,Esenin_Hands,False,line:Esenin_Hands_0e5c901,"Esenin: You're saying a gardener would automatically become a Visitor, then?"
Esenin,HANDS,Esenin_Hands,False,line:Esenin_Hands_0c80870,Esenin: Fucking nonsense.
Esenin,HANDS,Esenin_Hands,False,line:Esenin_Hands_05b83a6,Esenin: Check my nails.
Esenin,HANDS,Esenin_Hands,False,line:Esenin_Hands_051a3b7,Esenin: ...
Esenin,TEETH,Esenin_Teeth,False,line:Esenin_Teeth_05da7bf,Esenin: You want me to show you my teeth?
Esenin,TEETH,Esenin_Teeth,False,line:Esenin_Teeth_08293d4,"Esenin: Okay, take a look. Take in that odor of sadness and smoke."
Esenin,TEETH,Esenin_Teeth,False,line:Esenin_Teeth_03bdb45,Esenin: ...
Esenin,AURAPHOTO,Esenin_Photo,False,line:Esenin_Photo_01d8951,Esenin: It's all...
Esenin,AURAPHOTO,Esenin_Photo,False,line:Esenin_Photo_078acbe,Esenin: ...A fucked-up mess.
Esenin,AURAPHOTO,Esenin_Photo,False,line:Esenin_Photo_031e1ff,Esenin: Ever get the sense that it's all leading to some kind of terrifying hell?
Esenin,AURAPHOTO,Esenin_Photo,False,line:Esenin_Photo_0031dde,"Esenin: Everything's supposedly under control, but there's complete chaos all around us."
Esenin,AURAPHOTO,Esenin_Photo,False,line:Esenin_Photo_0fd3c17,"Esenin: Well, take your damn photo."
Esenin,AURAPHOTO,Esenin_Photo,False,line:Esenin_Photo_09d74f8,Esenin: ...
Esenin,ARMPIT,Esenin_Armpit,False,line:Esenin_Armpit_0042fd8,Esenin: Fucking seriously? Are you a moron?
Esenin,ARMPIT,Esenin_Armpit,False,line:Esenin_Armpit_0836065,Esenin: Has FEMA blended your brains?
Esenin,ARMPIT,Esenin_Armpit,False,line:Esenin_Armpit_0f56035,Esenin: Or are you just blasted? I thought all the strong stuff was gone already...
Esenin,ARMPIT,Esenin_Armpit,False,line:Esenin_Armpit_0be77a2,"Esenin: Well, since you're asking, I'll show you!"
Esenin,ARMPIT,Esenin_Armpit,False,line:Esenin_Armpit_05c23a4,Esenin: ...
Esenin,EAR,Esenin_Ears,False,line:Esenin_Ears_0e8c7d4,Esenin: Do you even know what you're looking for?
Esenin,EAR,Esenin_Ears,False,line:Esenin_Ears_0dae071,Esenin: What to watch out for?
Esenin,EAR,Esenin_Ears,False,line:Esenin_Ears_00cbaf4,Esenin: Watching you fumble around has really driven home just how royally fucked we are.
Esenin,EAR,Esenin_Ears,False,line:Esenin_Ears_062698d,Esenin: ...
Experienced,EYE,Experienced_Eyes,True,line:Experienced_Eyes_0ea6a3a,Experienced: Wanna see if I got a conscience in there?
Experienced,EYE,Experienced_Eyes,True,line:Experienced_Eyes_0e2496f,Experienced: …
Experienced,EYE,Experienced_Eyes,True,line:Experienced_Eyes_00bb980,"Experienced: Alright, then take a look."
Experienced,EYE,Experienced_Eyes,True,line:Experienced_Eyes_0e4c656,Experienced:  …
Experienced,HANDS,Experienced_Hands,True,line:Experienced_Hands_03f7600,"Experienced: No problem, mate. Take a look."
Experienced,HANDS,Experienced_Hands,True,line:Experienced_Hands_020b13c,Experienced: …
Experienced,TEETH,Experienced_Teeth,True,line:Experienced_Teeth_0fc89b1,Experienced: The screws ain’t exactly handin’ out minty toothbrushes. Don’t freak about the bleeding gums.
Experienced,TEETH,Experienced_Teeth,True,line:Experienced_Teeth_0fc54f2,Experienced: …
Experienced,AURAPHOTO,Experienced_Photo,False,line:Experienced_Photo_0961fb1,Experienced: ...Or is this some kinda test?
Experienced,AURAPHOTO,Experienced_Photo,False,line:Experienced_Photo_0c7170b,Experienced: …
Experienced,AURAPHOTO,Experienced_Photo,False,line:Experienced_Photo_00cee57,Experienced: Feels like I’m back gettin’ logged. Photo goin’ in my file and all that.
Experienced,AURAPHOTO,Experienced_Photo,False,line:Experienced_Photo_072974b,"Experienced: Fine, snap it if you gotta."
Experienced,AURAPHOTO,Experienced_Photo,False,line:Experienced_Photo_010f9a9,Experienced: …
Experienced,ARMPIT,Experienced_Armpit,False,line:Experienced_Armpit_0ef3354,"Experienced: Mate, look... I’ll show ya, but..."
Experienced,ARMPIT,Experienced_Armpit,False,line:Experienced_Armpit_04736d5,Experienced: …
Experienced,ARMPIT,Experienced_Armpit,False,line:Experienced_Armpit_087b7d8,"Experienced: Back in the day, I got burned fuckin' around drunk. So don’t freak out."
Experienced,ARMPIT,Experienced_Armpit,False,line:Experienced_Armpit_0148fca,Experienced: …
Experienced,EAR,Experienced_Ears,False,line:Experienced_Ears_005e438,"Experienced: You're losin' it, mate."
Experienced,EAR,Experienced_Ears,False,line:Experienced_Ears_0ad3bca,Experienced: You really need to see those?
Experienced,EAR,Experienced_Ears,False,line:Experienced_Ears_039d6b2,Experienced: …
Experienced,EAR,Experienced_Ears,False,line:Experienced_Ears_090487f,"Experienced: Fine, fuck it."
Experienced,EAR,Experienced_Ears,False,line:Experienced_Ears_0e0f078,Experienced: …
Fairytaller,EYE,Fairytaller_Eyes,True,line:Fairytaller_Eyes_0273d94,Fairytaller: Here.
Fairytaller,EYE,Fairytaller_Eyes,True,line:Fairytaller_Eyes_07878a3,Fairytaller: …
Fairytaller,HANDS,Fairytaller_Hands,True,line:Fairytaller_Hands_06ee4c5,Fairytaller: Here.
Fairytaller,HANDS,Fairytaller_Hands,True,line:Fairytaller_Hands_03e9e58,Fairytaller: …
Fairytaller,TEETH,Fairytaller_Teeth,False,line:Fairytaller_Teeth_01e6158,Fairytaller: Here.
Fairytaller,TEETH,Fairytaller_Teeth,False,line:Fairytaller_Teeth_0629399,Fairytaller: …
Fairytaller,AURAPHOTO,Fairytaller_Photo,False,line:Fairytaller_Photo_02c646e,Fairytaller: Sounds interesting.
Fairytaller,AURAPHOTO,Fairytaller_Photo,False,line:Fairytaller_Photo_02c4d44,Fairytaller: …
Fairytaller,ARMPIT,Fairytaller_Armpit,False,line:Fairytaller_Armpit_02eb681,Fairytaller: Um… If you insist.
Fairytaller,ARMPIT,Fairytaller_Armpit,False,line:Fairytaller_Armpit_0551866,Fairytaller: Here.
Fairytaller,ARMPIT,Fairytaller_Armpit,False,line:Fairytaller_Armpit_08b6acf,Fairytaller: …
Fairytaller,EAR,Fairytaller_Ears,False,line:Fairytaller_Ears_0955df1,Fairytaller: Here.
Fairytaller,EAR,Fairytaller_Ears,False,line:Fairytaller_Ears_02d5b2d,Fairytaller: …
Fan,EYE,Fanatic_Eyes,False,line:Fanatic_Eyes_053fac8,Fanatic: LOOK INTO MY DARK EYES!
Fan,EYE,Fanatic_Eyes,False,line:Fanatic_Eyes_02731da,"Fanatic: I use them to absorb all the benefits of the righteous beams, transforming them into energy."
Fan,EYE,Fanatic_Eyes,False,line:Fanatic_Eyes_0c5e0dd,Fanatic: I get all of my energy through my EYES!
Fan,EYE,Fanatic_Eyes,False,line:Fanatic_Eyes_043cef9,Fanatic: ...
Fan,HANDS,Fanatic_Hands,False,line:Fanatic_Hands_09c822b,"Fanatic: As you wish, my friend!"
Fan,HANDS,Fanatic_Hands,False,line:Fanatic_Hands_0e0c5c4,Fanatic: Behold these holy nails as much as you like.
Fan,HANDS,Fanatic_Hands,False,line:Fanatic_Hands_0a657e0,Fanatic: I've trained myself to absorb the beneficial sunlight with them.
Fan,HANDS,Fanatic_Hands,False,line:Fanatic_Hands_0c358bd,"Fanatic: And open beer bottles, of course!"
Fan,HANDS,Fanatic_Hands,False,line:Fanatic_Hands_03ed1e1,Fanatic: ...
Fan,TEETH,Fanatic_Teeth,False,line:Fanatic_Teeth_08dda0a,Fanatic: You want me to show you my teeth?
Fan,TEETH,Fanatic_Teeth,False,line:Fanatic_Teeth_091b8b6,Fanatic: MY TEETH STOOD UP FOR THE TRUTH!
Fan,TEETH,Fanatic_Teeth,False,line:Fanatic_Teeth_05d059f,Fanatic: ...and they fell for it. Martyrs.
Fan,TEETH,Fanatic_Teeth,False,line:Fanatic_Teeth_06956fa,Fanatic: You can see that for yourself.
Fan,TEETH,Fanatic_Teeth,False,line:Fanatic_Teeth_0ea7c7c,Fanatic: ...
Fan,AURAPHOTO,Fanatic_Photo,False,line:Fanatic_Photo_0305b25,Fanatic: You wish to immortalize me on film?
Fan,AURAPHOTO,Fanatic_Photo,False,line:Fanatic_Photo_0e2ae4c,Fanatic: Hmm... Hmm...
Fan,AURAPHOTO,Fanatic_Photo,False,line:Fanatic_Photo_0397c21,Fanatic: Did you know I once shook hands with the SHINING SUN LEADER himself?
Fan,AURAPHOTO,Fanatic_Photo,False,line:Fanatic_Photo_0c7d673,"Fanatic: It was I who taught him how to stare straight into the Sun. But I'll gift you that holy tale later, human."
Fan,AURAPHOTO,Fanatic_Photo,False,line:Fanatic_Photo_0f5d103,"Fanatic: Go on, GRACE OUR EYES WITH MY IMMORTALIZATION!"
Fan,AURAPHOTO,Fanatic_Photo,False,line:Fanatic_Photo_05761d7,Fanatic: ...
Fan,ARMPIT,Fanatic_Armpit,True,line:Fanatic_Armpit_06d9f47,"Fanatic: Ah, a prank-lover, eh?"
Fan,ARMPIT,Fanatic_Armpit,True,line:Fanatic_Armpit_0da6935,"Fanatic: Well, give them a sniff if that's what you're into."
Fan,ARMPIT,Fanatic_Armpit,True,line:Fanatic_Armpit_02f0fad,Fanatic: ...
Fan,ARMPIT,Fanatic_Armpit,True,line:Fanatic_Armpit_0081c4b,Fanatic: This is the result of self-care.
Fan,ARMPIT,Fanatic_Armpit,True,line:Fanatic_Armpit_0a9cc74,"Fanatic: Ah, a prank-lover, eh?"
Fan,ARMPIT,Fanatic_Armpit,True,line:Fanatic_Armpit_00e4b9b,"Fanatic: Well, give them a sniff if that's what you're into."
Fan,ARMPIT,Fanatic_Armpit,True,line:Fanatic_Armpit_0ed4c42,Fanatic: ...
Fan,EAR,Fanatic_Ears,False,line:Fanatic_Ears_0fe5094,Fanatic: Yes! I receive the righteous signals of LIFE straight through my ears! How did you know?
Fan,EAR,Fanatic_Ears,False,line:Fanatic_Ears_0c01099,Fanatic: ...
Fatman,TEETH,Fatman_Teeth,False,line:Fatman_Teeth_06d8142,"Fatman: What's next, you want me to bend over for you? What a joke, wasting a minister's time with this crap."
Fatman,TEETH,Fatman_Teeth,False,line:Fatman_Teeth_00e47c0,Fatman: ...
Fatman,TEETH,Fatman_Teeth,False,line:Fatman_Teeth_0316b2d,"Fatman: You just won't let it go, will you?"
Fatman,TEETH,Fatman_Teeth,False,line:Fatman_Teeth_0b5e5ff,"Fatman: Tch. Alright, here. Look."
Fatman,TEETH,Fatman_Teeth,False,line:Fatman_Teeth_084de36,Fatman: ...
Fatman,AURAPHOTO,Fatman_Photo,False,line:Fatman_Photo_0c390c6,Fatman: Go on. Just lemme get up... Like the good old days...
Fatman,AURAPHOTO,Fatman_Photo,False,line:Fatman_Photo_09b1238,Fatman: ...
Fatman,ARMPIT,Fatman_Armpit,True,line:Fatman_Armpit_0eff35b,Fatman: Hmph. Some funny old tests you've got here.
Fatman,ARMPIT,Fatman_Armpit,True,line:Fatman_Armpit_076f871,Fatman: ...
Firefighter,EYE,Firefighter_Eyes,False,line:Firefighter_Eyes_077d9a8,Firefighter: No problem.
Firefighter,EYE,Firefighter_Eyes,False,line:Firefighter_Eyes_0d25bbb,Firefighter: ...
Firefighter,HANDS,Firefighter_Hands,False,line:Firefighter_Hands_0e809bf,"Firefighter: Here, look... *cough*"
Firefighter,HANDS,Firefighter_Hands,False,line:Firefighter_Hands_02132fa,Firefighter: ...
Firefighter,TEETH,Firefighter_Teeth,False,line:Firefighter_Teeth_09c1819,Firefighter: Take a look.
Firefighter,TEETH,Firefighter_Teeth,False,line:Firefighter_Teeth_0e48c2d,Firefighter: ...
Firefighter,AURAPHOTO,Firefighter_Photo,False,line:Firefighter_Photo_01ba045,"Firefighter: Sure, whatever. You'll only get a charred corpse, though. That's how it always is."
Firefighter,AURAPHOTO,Firefighter_Photo,False,line:Firefighter_Photo_00cdc52,Firefighter: ...
Firefighter,ARMPIT,Firefighter_Armpit,False,line:Firefighter_Armpit_0412a37,Firefighter: You sure? It ain't pretty sight...
Firefighter,ARMPIT,Firefighter_Armpit,False,line:Firefighter_Armpit_04dcf3b,Firefighter: ...
Firefighter,EAR,Firefighter_Ears,False,line:Firefighter_Ears_0174130,Firefighter: You won't find much to check. They're charred down to the cartilage.
Firefighter,EAR,Firefighter_Ears,False,line:Firefighter_Ears_00af63a,Firefighter: ...
Foreigner,EYE,Foreigner_Eyes,False,line:Foreigner_Eyes_0aba9fb,Foreigner: Vbvh?
Foreigner,EYE,Foreigner_Eyes,False,line:Foreigner_Eyes_0db4669,Foreigner: ...
Foreigner,HANDS,Foreigner_Hands,False,line:Foreigner_Hands_0654052,Foreigner: Szmwh? Urmv.
Foreigner,HANDS,Foreigner_Hands,False,line:Foreigner_Hands_0f1188a,Foreigner: ...
Foreigner,TEETH,Foreigner_Teeth,False,line:Foreigner_Teeth_03ba689,"Foreigner: Dszg? Nb MOUF? Bvzs, rg dzh hvdm hsfg.  Hl dszg mld? Wl R mvvw gl SMYAL?"
Foreigner,TEETH,Foreigner_Teeth,False,line:Foreigner_Teeth_07f95d5,Foreigner: ...
Foreigner,AURAPHOTO,Foreigner_Photo,False,line:Foreigner_Photo_0c3c7aa,Foreigner: Dsviv rh gsv kslgl? Gsrh wvhvievh gl yv uiznvw!
Foreigner,AURAPHOTO,Foreigner_Photo,False,line:Foreigner_Photo_0e6834c,Foreigner: ...
Foreigner,ARMPIT,Foreigner_Armpit,False,line:Foreigner_Armpit_090c5f5,Foreigner: R wlmg ivzoob tvg zmb lu gsrh... yfg dszgvevi...
Foreigner,ARMPIT,Foreigner_Armpit,False,line:Foreigner_Armpit_0caeb5e,Foreigner: ...
Foreigner,EAR,Foreigner_Ears,False,line:Foreigner_Ears_076f3a7,Foreigner: Gsvb ziv hrnkob vzih.
Foreigner,EAR,Foreigner_Ears,False,line:Foreigner_Ears_001e25f,Foreigner: ...
FormerFema,EYE,FormerFema_Eyes,False,line:FormerFema_Eyes_0f99d72,"FormerFema: Ah, yes. I love this one. People's eyes are beautiful after all."
FormerFema,EYE,FormerFema_Eyes,False,line:FormerFema_Eyes_0dd2830,FormerFema: ...
FormerFema,HANDS,FormerFema_Hands,False,line:FormerFema_Hands_0aee8f2,FormerFema: You want me to take off my gloves? No way. Not safe. You'll have to test me like this.
FormerFema,HANDS,FormerFema_Hands,False,line:FormerFema_Hands_09b87e3,FormerFema: ...
FormerFema,TEETH,FormerFema_Teeth,False,line:FormerFema_Teeth_05285bc,"FormerFema: So, you actually take your job seriously."
FormerFema,TEETH,FormerFema_Teeth,False,line:FormerFema_Teeth_0946bb4,FormerFema: ...
FormerFema,AURAPHOTO,FormerFema_Photo,False,line:FormerFema_Photo_0c3ab82,"FormerFema: I need to warn you, it might look...unusual."
FormerFema,AURAPHOTO,FormerFema_Photo,False,line:FormerFema_Photo_0eb7a59,FormerFema: ...
FormerFema,ARMPIT,FormerFema_Armpit,False,line:FormerFema_Armpit_0bdb5a1,FormerFema: You really want to see this?
FormerFema,ARMPIT,FormerFema_Armpit,False,line:FormerFema_Armpit_05019cf,FormerFema: ...
FormerFema,EAR,FormerFema_Ears,False,line:FormerFema_Ears_0b1a335,"FormerFema: You kidding? We didn't train for this! Don't know about others, but our team never checked for this."
FormerFema,EAR,FormerFema_Ears,False,line:FormerFema_Ears_09f516a,FormerFema: ...
FortuneTeller,EYE,FortuneTeller_Eyes,False,line:FortuneTeller_Eyes_0415701,"FortuneTeller: Oh, my eyes? They're brown, of course."
FortuneTeller,EYE,FortuneTeller_Eyes,False,line:FortuneTeller_Eyes_088a05c,FortuneTeller: ...
FortuneTeller,HANDS,FortuneTeller_Hands,False,line:FortuneTeller_Hands_07d86b8,"FortuneTeller: Well, go ahead and look."
FortuneTeller,HANDS,FortuneTeller_Hands,False,line:FortuneTeller_Hands_0abf20d,FortuneTeller: ...
FortuneTeller,TEETH,FortuneTeller_Teeth,True,line:FortuneTeller_Teeth_04fc7f9,"FortuneTeller: Well, take a look."
FortuneTeller,TEETH,FortuneTeller_Teeth,True,line:FortuneTeller_Teeth_0590da7,FortuneTeller: ...
FortuneTeller,AURAPHOTO,FortuneTeller_Photo,False,line:FortuneTeller_Photo_032121c,FortuneTeller: Be careful now. My aura can be blinding!
FortuneTeller,AURAPHOTO,FortuneTeller_Photo,False,line:FortuneTeller_Photo_0e42c7f,FortuneTeller: ...
FortuneTeller,ARMPIT,FortuneTeller_Armpit,False,line:FortuneTeller_Armpit_060de09,"FortuneTeller: Ohhh, the things the universe puts in my path... Very well, take a look."
FortuneTeller,ARMPIT,FortuneTeller_Armpit,False,line:FortuneTeller_Armpit_0a1eda6,FortuneTeller: ...
FortuneTeller,EAR,FortuneTeller_Ears,False,line:FortuneTeller_Ears_0082536,"FortuneTeller: Go ahead and look, but be careful. My ears hear everything—even your thoughts."
FortuneTeller,EAR,FortuneTeller_Ears,False,line:FortuneTeller_Ears_062153f,FortuneTeller: ...
Fugitive,EYE,Fugitive_Eyes,False,line:Fugitive_Eyes_06f963d,Fugitive: Alright.
Fugitive,EYE,Fugitive_Eyes,False,line:Fugitive_Eyes_0fd0208,Fugitive: ...
Fugitive,HANDS,Fugitive_Hands,True,line:Fugitive_Hands_0970e73,"Fugitive: Go ahead. They've taken a beating, that's for sure."
Fugitive,HANDS,Fugitive_Hands,True,line:Fugitive_Hands_0480b6f,Fugitive: ...
Fugitive,HANDS,Fugitive_Hands,True,line:Fugitive_Hands_0ed2106,"Fugitive: Dirty, yeah? Fell in a goddamn puddle running from those pigs. Before that, cut 'em climbing over some barbed wire."
Fugitive,HANDS,Fugitive_Hands,True,line:Fugitive_Hands_058ead0,"Fugitive: Fine, take a look."
Fugitive,HANDS,Fugitive_Hands,True,line:Fugitive_Hands_018993f,Fugitive: ...
Fugitive,TEETH,Fugitive_Teeth,False,line:Fugitive_Teeth_01b0881,"Fugitive: Sure, take a look."
Fugitive,TEETH,Fugitive_Teeth,False,line:Fugitive_Teeth_0b05dcf,Fugitive: ...
Fugitive,AURAPHOTO,Fugitive_Photo,True,line:Fugitive_Photo_0848972,Fugitive: Yeah? Didn't think anyone still did that.
Fugitive,AURAPHOTO,Fugitive_Photo,True,line:Fugitive_Photo_0f9c8fc,Fugitive: ...
Fugitive,ARMPIT,Fugitive_Armpit,True,line:Fugitive_Armpit_0766636,"Fugitive: Well, shit... You're not screwing with me, are ya?"
Fugitive,ARMPIT,Fugitive_Armpit,True,line:Fugitive_Armpit_0c9308a,Fugitive: ...
Fugitive,EAR,Fugitive_Ears,True,line:Fugitive_Ears_0036756,"Fugitive: Seriously? Don't ya think these ""signs"" are meant to spread more panic?"
Fugitive,EAR,Fugitive_Ears,True,line:Fugitive_Ears_08fce5e,Fugitive: ...
Fugitive,EAR,Fugitive_Ears,True,line:Fugitive_Ears_0dc82e2,"Fugitive: Dirty? Yeah they're dirty. Like anyone's would be, living and working without taking any showers."
Fugitive,EAR,Fugitive_Ears,True,line:Fugitive_Ears_0f79806,"Fugitive: Seriously? You think you can spot a Visitor by their ears? Alright, be my fuckin' guest."
Fugitive,EAR,Fugitive_Ears,True,line:Fugitive_Ears_0ffc845,Fugitive: ...
FunnyGuy,EYE,FunnyGuy_Eyes,False,line:FunnyGuy_Eyes_0853c9c,FunnyGuy: Got a dark spot on my iris.
FunnyGuy,EYE,FunnyGuy_Eyes,False,line:FunnyGuy_Eyes_0a31eb2,FunnyGuy: Take a look.
FunnyGuy,EYE,FunnyGuy_Eyes,False,line:FunnyGuy_Eyes_0c38d44,FunnyGuy: ...
FunnyGuy,HANDS,FunnyGuy_Hands,False,line:FunnyGuy_Hands_0cf8d82,FunnyGuy: Just your regular work-worn hands.
FunnyGuy,HANDS,FunnyGuy_Hands,False,line:FunnyGuy_Hands_081ecbe,FunnyGuy: ...
FunnyGuy,TEETH,FunnyGuy_Teeth,False,line:FunnyGuy_Teeth_01fc2b9,"FunnyGuy: Aw, come on. Brush too hard and you'll wear down the enamel."
FunnyGuy,TEETH,FunnyGuy_Teeth,False,line:FunnyGuy_Teeth_0876816,FunnyGuy: ...
FunnyGuy,AURAPHOTO,FunnyGuy_Photo,True,line:FunnyGuy_Photo_05c8d51,"FunnyGuy: Oh, guess I should button up."
FunnyGuy,AURAPHOTO,FunnyGuy_Photo,True,line:FunnyGuy_Photo_0f08349,"FunnyGuy: Eh, screw it. It's just one picture."
FunnyGuy,AURAPHOTO,FunnyGuy_Photo,True,line:FunnyGuy_Photo_0af0ed5,FunnyGuy: ...
FunnyGuy,ARMPIT,FunnyGuy_Armpit,True,line:FunnyGuy_Armpit_083d933,FunnyGuy: Our plant's a real lawsuit waiting to happen.
FunnyGuy,ARMPIT,FunnyGuy_Armpit,True,line:FunnyGuy_Armpit_0030634,FunnyGuy: I was supposed to retire soon.
FunnyGuy,ARMPIT,FunnyGuy_Armpit,True,line:FunnyGuy_Armpit_0b79fef,FunnyGuy: ...
FunnyGuy,EAR,FunnyGuy_Ears,False,line:FunnyGuy_Ears_094c29c,"FunnyGuy: Go ahead, why not."
FunnyGuy,EAR,FunnyGuy_Ears,False,line:FunnyGuy_Ears_0181608,FunnyGuy: ...
GraveDigger,EYE,GraveDigger_Eyes,True,line:GraveDigger_Eyes_0e8ec6d,GraveDigger: Nights are my shift.
GraveDigger,EYE,GraveDigger_Eyes,True,line:GraveDigger_Eyes_0829f7a,GraveDigger: ...
GraveDigger,HANDS,GraveDigger_Hands,False,line:GraveDigger_Hands_0c6c7db,"GraveDigger: These hands fed me, kept me alive."
GraveDigger,HANDS,GraveDigger_Hands,False,line:GraveDigger_Hands_056cdd3,GraveDigger: ...
GraveDigger,TEETH,GraveDigger_Teeth,False,line:GraveDigger_Teeth_017fadc,GraveDigger: When you dig too deep... sometimes you don't just find bones.
GraveDigger,TEETH,GraveDigger_Teeth,False,line:GraveDigger_Teeth_02530b4,GraveDigger: ...
GraveDigger,AURAPHOTO,GraveDigger_Photo,True,line:GraveDigger_Photo_030cb7c,"GraveDigger: A photo's a dangerous thing, I tell ya! Like a mirror. It keeps what it sees."
GraveDigger,AURAPHOTO,GraveDigger_Photo,True,line:GraveDigger_Photo_069df75,GraveDigger: ...
GraveDigger,ARMPIT,GraveDigger_Armpit,False,line:GraveDigger_Armpit_0d5ab73,"GraveDigger: Ugh, well, aren't you something...?"
GraveDigger,ARMPIT,GraveDigger_Armpit,False,line:GraveDigger_Armpit_0cf61f8,GraveDigger: ...
GraveDigger,EAR,GraveDigger_Ears,False,line:GraveDigger_Ears_00dc2ce,GraveDigger: Just ears. Ain't nothin' fancy.
GraveDigger,EAR,GraveDigger_Ears,False,line:GraveDigger_Ears_09a0f8c,GraveDigger: ...
Greatmother,EYE,Greatmother_Eyes,False,line:Greatmother_Eyes_033f348,"Greatmother: Darlin', I've always had busted vessels in my eyes."
Greatmother,EYE,Greatmother_Eyes,False,line:Greatmother_Eyes_00afb11,Greatmother: Don't see how you reckon you'll figure I'm a Visitor with that.
Greatmother,EYE,Greatmother_Eyes,False,line:Greatmother_Eyes_056f413,Greatmother: ...
Greatmother,HANDS,Greatmother_Hands,False,line:Greatmother_Hands_0a3b396,Greatmother: That one ain't gone work...
Greatmother,HANDS,Greatmother_Hands,False,line:Greatmother_Hands_0c6b6d2,"Greatmother: Growin' old ain't a joy, darlin'."
Greatmother,HANDS,Greatmother_Hands,False,line:Greatmother_Hands_0c4fe85,Greatmother: ...
Greatmother,TEETH,Greatmother_Teeth,False,line:Greatmother_Teeth_09988a8,"Greatmother: Bless your heart! What teeth, darlin'?"
Greatmother,TEETH,Greatmother_Teeth,False,line:Greatmother_Teeth_0076903,"Greatmother: Go on, take yourself a good ol' look!"
Greatmother,TEETH,Greatmother_Teeth,False,line:Greatmother_Teeth_0e240a8,Greatmother: ...
Greatmother,AURAPHOTO,Greatmother_Photo,False,line:Greatmother_Photo_0b69287,Greatmother: Ain't nobody taken a photo of Momma in years!
Greatmother,AURAPHOTO,Greatmother_Photo,False,line:Greatmother_Photo_07dfc11,"Greatmother: Go on, darlin'. Why not?"
Greatmother,AURAPHOTO,Greatmother_Photo,False,line:Greatmother_Photo_05e64f3,Greatmother: ...
Greatmother,ARMPIT,Greatmother_Armpit,False,line:Greatmother_Armpit_0e92212,"Greatmother: Momma's gettin' old, darlin'. My body just ain't what it used to be."
Greatmother,ARMPIT,Greatmother_Armpit,False,line:Greatmother_Armpit_00fdc19,Greatmother: ...
Greatmother,EAR,Greatmother_Ears,False,line:Greatmother_Ears_0fb483e,Greatmother: At night I hear this scratchin'. Like somethin's crawlin' 'round underneath us.
Greatmother,EAR,Greatmother_Ears,False,line:Greatmother_Ears_070b6a8,Greatmother: ...
Hunter,EYE,Hunter_Eyes,True,line:Hunter_Eyes_05f6eaa,"Hunter: But after that last run-in, they ain't nothing but red."
Hunter,EYE,Hunter_Eyes,True,line:Hunter_Eyes_0699b69,"Hunter: I was taking down some varmint and he threw dirt, or shit, or SOMETHIN' into my eyes. Hurts all the damn time now."
Hunter,EYE,Hunter_Eyes,True,line:Hunter_Eyes_0e2dcb6,Hunter: ...
Hunter,EYE,Hunter_Eyes,True,line:Hunter_Eyes_0a102f8,"Hunter: Easy, kid. That smarts somethin' fierce."
Hunter,EYE,Hunter_Eyes,True,line:Hunter_Eyes_0a2a522,Hunter: A life like mine'll drain the color from any fella's eyes.
Hunter,EYE,Hunter_Eyes,True,line:Hunter_Eyes_0455790,Hunter: ...
Hunter,HANDS,Hunter_Hands,False,line:Hunter_Hands_0ac0c90,"Hunter: Let's move this along, kid."
Hunter,HANDS,Hunter_Hands,False,line:Hunter_Hands_0f1082f,Hunter: ...
Hunter,TEETH,Hunter_Teeth,True,line:Hunter_Teeth_033625f,"Hunter: Teeth, huh? Fine, I'll show ya."
Hunter,TEETH,Hunter_Teeth,True,line:Hunter_Teeth_0656e28,Hunter: ...
Hunter,AURAPHOTO,Hunter_Photo_Gun,False,line:Hunter_Photo_Gun_0ec25fb,Hunter: Take pictures of somethin' else. Kill some varmint. I don't give a hoot...just get your darn camera outta my face!
Hunter,AURAPHOTO,Hunter_Photo_Gun,False,line:Hunter_Photo_Gun_0a26479,Hunter: ...Hm.
Hunter,AURAPHOTO,Hunter_Photo_Gun,False,line:Hunter_Photo_Gun_03f4817,Hunter: I'll flinch.
Hunter,AURAPHOTO,Hunter_Photo_Gun,False,line:Hunter_Photo_Gun_09d94bc,Hunter: ...
Hunter,ARMPIT,Hunter_Armpit,False,line:Hunter_Armpit_0104620,"Hunter: More signs, more easier we can fine those varmints."
Hunter,ARMPIT,Hunter_Armpit,False,line:Hunter_Armpit_0d3b012,Hunter: ...
Hunter,EAR,Hunter_Ears,True,line:Hunter_Ears_0396e18,"Hunter: Heard that report too, kid. ...Fine, take a look."
Hunter,EAR,Hunter_Ears,True,line:Hunter_Ears_0af33fd,Hunter: ...
Intruder,EYE,Intruder_Eyes,True,line:Intruder_Eyes_0083b66,Intruder: I heard somewhere that insomnia makes your eyes darker.
Intruder,EYE,Intruder_Eyes,True,line:Intruder_Eyes_0efbcc7,Intruder: I wonder if that's true?
Intruder,EYE,Intruder_Eyes,True,line:Intruder_Eyes_0aedb8b,Intruder: ...
Intruder,HANDS,Intruder_Hands,False,line:Intruder_Hands_007e6d5,Intruder: These hands are ready to push through any thing in my way.
Intruder,HANDS,Intruder_Hands,False,line:Intruder_Hands_09bdd54,"Intruder: In that way, maybe I'm clawing my way into my own dreams?"
Intruder,HANDS,Intruder_Hands,False,line:Intruder_Hands_03c7666,Intruder: ...
Intruder,TEETH,Intruder_Teeth,True,line:Intruder_Teeth_0b86a82,Intruder: Yes. I'll show you in a moment.
Intruder,TEETH,Intruder_Teeth,True,line:Intruder_Teeth_0321c28,"Intruder: I'm so tired, I tend to forget things."
Intruder,TEETH,Intruder_Teeth,True,line:Intruder_Teeth_0769bee,Intruder: ...
Intruder,TEETH,Intruder_Teeth,True,line:Intruder_Teeth_0c5f57c,Intruder: I think we need to put less focus on the little things. Make all of this seem a little less...odd.
Intruder,TEETH,Intruder_Teeth,True,line:Intruder_Teeth_0acaeea,"Intruder: I may have a bad memory, but I still remember to brush my teeth."
Intruder,TEETH,Intruder_Teeth,True,line:Intruder_Teeth_0cce0d6,Intruder: ...
Intruder,AURAPHOTO,Intruder_Photo,False,line:Intruder_Photo_0b17740,Intruder: I'm curious to see what it looks like.
Intruder,AURAPHOTO,Intruder_Photo,False,line:Intruder_Photo_0f9014d,Intruder: ...
Intruder,ARMPIT,Intruder_Armpit,False,line:Intruder_Armpit_0d36b85,"Intruder: For some reason they hurt, like they're irritated. Odd..."
Intruder,ARMPIT,Intruder_Armpit,False,line:Intruder_Armpit_0b7eacc,Intruder: ...
Intruder,EAR,Intruder_Ears,False,line:Intruder_Ears_0a82482,Intruder: Hmm? Haven't heard of that one before.
Intruder,EAR,Intruder_Ears,False,line:Intruder_Ears_0678d55,"Intruder: Why not, let's give it a try."
Intruder,EAR,Intruder_Ears,False,line:Intruder_Ears_0db12ba,Intruder: ...
Jacket,EYE,Jacket_Eyes,False,line:Jacket_Eyes_028669c,"Jacket: I’ll show you my eyes, just…"
Jacket,EYE,Jacket_Eyes,False,line:Jacket_Eyes_0265fc8,"Jacket: Honestly, I’m a little nervous. Don’t judge too much."
Jacket,EYE,Jacket_Eyes,False,line:Jacket_Eyes_0ee7f89,Jacket: ...
Jacket,HANDS,Jacket_Hands,True,line:Jacket_Hands_0d46fbc,Jacket: No problem.
Jacket,HANDS,Jacket_Hands,True,line:Jacket_Hands_097f870,Jacket: ...
Jacket,TEETH,Jacket_Teeth,True,line:Jacket_Teeth_08e7161,"Jacket: Yeah, take a look."
Jacket,TEETH,Jacket_Teeth,True,line:Jacket_Teeth_0e7a25b,Jacket: …
Jacket,AURAPHOTO,Jacket_Photo,False,line:Jacket_Photo_0386cb8,"Jacket: I don’t mind taking a photo, but your camera looks kinda weird."
Jacket,AURAPHOTO,Jacket_Photo,False,line:Jacket_Photo_05de175,Jacket: ...
Jacket,ARMPIT,Jacket_Armpit,False,line:Jacket_Armpit_0323009,"Jacket: Oh, about the armpits…"
Jacket,ARMPIT,Jacket_Armpit,False,line:Jacket_Armpit_0cc6357,Jacket: ...
Jacket,EAR,Jacket_Ears,False,line:Jacket_Ears_09ed47f,Jacket: ...
Jacket,EAR,Jacket_Ears,False,line:Jacket_Ears_035ce00,"Jacket: Ears weren’t on the list of signs, were they?"
Jacket,EAR,Jacket_Ears,False,line:Jacket_Ears_01ad94a,"Jacket: Though I’ll admit, I am not particularly aware what the signs are. Maybe I just missed that one."
Jacket,EAR,Jacket_Ears,False,line:Jacket_Ears_021541d,Jacket: ...
Jacob,EYE,Jacob_Eyes,False,line:Jacob_Eyes_07fb8b9,Jacob: Haven't slept in days...
Jacob,EYE,Jacob_Eyes,False,line:Jacob_Eyes_097a3bd,Jacob: ...
Jacob,HANDS,Jacob_Hands,False,line:Jacob_Hands_0186651,Jacob: My hands? Really?
Jacob,HANDS,Jacob_Hands,False,line:Jacob_Hands_08a7e1d,Jacob: ...
Jacob,TEETH,Jacob_Teeth,False,line:Jacob_Teeth_0e59a65,Jacob: Alright...
Jacob,TEETH,Jacob_Teeth,False,line:Jacob_Teeth_044662a,Jacob: ...
Jacob,AURAPHOTO,Jacob_Photo,False,line:Jacob_Photo_0b8f9f0,Jacob: God forbid you show this to anyone in FEMA.
Jacob,AURAPHOTO,Jacob_Photo,False,line:Jacob_Photo_085e1a4,Jacob: ...
Jacob,ARMPIT,Jacob_Armpit,False,line:Jacob_Armpit_087d591,Jacob: Anything else you want me to show you?
Jacob,ARMPIT,Jacob_Armpit,False,line:Jacob_Armpit_0b60d52,Jacob: ...
Jacob,EAR,Jacob_Ears,False,line:Jacob_Ears_07ee22f,Jacob: Don't you think these checks are kinda stupid?
Jacob,EAR,Jacob_Ears,False,line:Jacob_Ears_08e77e3,Jacob: ...
Leper,EYE,Leper_Eyes,True,line:Leper_Eyes_0488b21,"Leper: Alright, take a look."
Leper,EYE,Leper_Eyes,True,line:Leper_Eyes_010f05a,Leper: ...
Leper,HANDS,Leper_Hands,False,line:Leper_Hands_082892e,"Leper: Yeah, my skins bad there too."
Leper,HANDS,Leper_Hands,False,line:Leper_Hands_03283d1,Leper: ...
Leper,TEETH,Leper_Teeth,True,line:Leper_Teeth_0465130,Leper: See? Normal.
Leper,TEETH,Leper_Teeth,True,line:Leper_Teeth_0acd9dc,Leper: …
Leper,AURAPHOTO,Leper_Photo,True,line:Leper_Photo_0e94d85,Leper: A photo? That’s a sign?
Leper,AURAPHOTO,Leper_Photo,True,line:Leper_Photo_0f3e5da,Leper: ...
Leper,AURAPHOTO,Leper_Photo,True,line:Leper_Photo_0e63dd5,"Leper: Fine, take the picture."
Leper,AURAPHOTO,Leper_Photo,True,line:Leper_Photo_0e5b892,Leper: ...
Leper,ARMPIT,Leper_Armpit,True,line:Leper_Armpit_04e74b4,Leper: What? What's that for?
Leper,ARMPIT,Leper_Armpit,True,line:Leper_Armpit_0bbd9d1,Leper: ...
Leper,ARMPIT,Leper_Armpit,True,line:Leper_Armpit_0eef043,"Leper: Fine, whatever."
Leper,ARMPIT,Leper_Armpit,True,line:Leper_Armpit_03886f8,Leper: ...
Leper,EAR,Leper_Ears,False,line:Leper_Ears_022c919,"Leper: What? What the hell do you mean, ears?"
Leper,EAR,Leper_Ears,False,line:Leper_Ears_04cf39e,"Leper: No offense, but I know the Visitor signs and that’s not one of them."
Leper,EAR,Leper_Ears,False,line:Leper_Ears_0a63ec8,"Leper: But if you really wanna see my ears, go ahead."
Leper,EAR,Leper_Ears,False,line:Leper_Ears_00ff779,Leper: ...
Luka,EYE,Luka_Eyes,False,line:Luka_Eyes_0f8c340,Luka: Of course.
Luka,EYE,Luka_Eyes,False,line:Luka_Eyes_06177cb,Luka: ...
Luka,HANDS,Luka_Hands,False,line:Luka_Hands_0be53f3,Luka: Here.
Luka,HANDS,Luka_Hands,False,line:Luka_Hands_02d8a2e,Luka: ...
Luka,TEETH,Luka_Teeth,False,line:Luka_Teeth_0d4b58c,"Luka: Here, take a look."
Luka,TEETH,Luka_Teeth,False,line:Luka_Teeth_09a8592,Luka: ...
Luka,AURAPHOTO,Luka_Photo,True,line:Luka_Photo_07a0521,Luka: Alrighty!
Luka,AURAPHOTO,Luka_Photo,True,line:Luka_Photo_079b72c,Luka: ...
Luka,ARMPIT,Luka_Armpit,False,line:Luka_Armpit_08274c8,Luka: Didn't know that mattered too.
Luka,ARMPIT,Luka_Armpit,False,line:Luka_Armpit_08661dc,Luka: ...
Luka,EAR,Luka_Ears,True,line:Luka_Ears_01e870b,Luka: Our voices are lost in the void of the universe.
Luka,EAR,Luka_Ears,True,line:Luka_Ears_0ddad39,Luka: ...
Luka,EAR,Luka_Ears,True,line:Luka_Ears_01f1882,Luka: But I'm always ready to listen to you!
Luka,EAR,Luka_Ears,True,line:Luka_Ears_0cb69bc,Luka: Alrighty!
Luka,EAR,Luka_Ears,True,line:Luka_Ears_0bbec6c,Luka: ...
Marauder,EYE,Marauder_Eyes,False,line:Marauder_Eyes_03d53bb,Marauder: Just regular ol' eyes.
Marauder,EYE,Marauder_Eyes,False,line:Marauder_Eyes_06cca3c,Marauder: ...
Marauder,HANDS,Marauder_Hands,True,line:Marauder_Hands_02f154d,"Marauder: Hands, palms, fingers."
Marauder,HANDS,Marauder_Hands,True,line:Marauder_Hands_095bc14,Marauder: ...
Marauder,TEETH,Marauder_Teeth,False,line:Marauder_Teeth_099b960,"Marauder: Alrighty. I'll show ya, and I'll tell ya the story too."
Marauder,TEETH,Marauder_Teeth,False,line:Marauder_Teeth_056d150,Marauder: ...
Marauder,AURAPHOTO,Marauder_Photo,False,line:Marauder_Photo_0bd0bdc,Marauder: Come on? Really?
Marauder,AURAPHOTO,Marauder_Photo,False,line:Marauder_Photo_0046e8d,"Marauder: Fine, fine. Your house, your rules..."
Marauder,AURAPHOTO,Marauder_Photo,False,line:Marauder_Photo_015012e,Marauder: ...
Marauder,ARMPIT,Marauder_Armpit,False,line:Marauder_Armpit_0ddeac0,Marauder: Damn... and here I thought I was the one who didn't know how to get by in polite society...
Marauder,ARMPIT,Marauder_Armpit,False,line:Marauder_Armpit_09e7352,Marauder: ...
Marauder,EAR,Marauder_Ears,False,line:Marauder_Ears_0b16ef8,Marauder: They're not torn or chewed up like some stray mog. Just regular ol' ears.
Marauder,EAR,Marauder_Ears,False,line:Marauder_Ears_0af3353,Marauder: ...
Mother,EYE,Mother_Eyes,False,line:Mother_Eyes_041989a,"Mother: Look, then."
Mother,EYE,Mother_Eyes,False,line:Mother_Eyes_086dc24,Mother: ...
Mother,HANDS,Mother_Hands,False,line:Mother_Hands_07f2535,"Mother: Here, take a look."
Mother,HANDS,Mother_Hands,False,line:Mother_Hands_08ed8ff,Mother: ...
Mother,TEETH,Mother_Teeth,False,line:Mother_Teeth_018248c,Mother: Please.
Mother,TEETH,Mother_Teeth,False,line:Mother_Teeth_0a06b09,Mother: ...
Mother,AURAPHOTO,Mother_Photo,False,line:Mother_Photo_0f5cc95,Mother: Can I sit? No?
Mother,AURAPHOTO,Mother_Photo,False,line:Mother_Photo_0190e9c,Mother: ...
Mother,ARMPIT,Mother_Armpit,False,line:Mother_Armpit_0d92f59,"Mother: Look, then."
Mother,ARMPIT,Mother_Armpit,False,line:Mother_Armpit_0194443,Mother: ...
Mother,EAR,Mother_Ears,False,line:Mother_Ears_0f474b8,Mother: I haven't cleaned them in a long time. Might well be blocked up by now.
Mother,EAR,Mother_Ears,False,line:Mother_Ears_07c4e87,Mother: ...
Nervous,EYE,Nervous_Eyes,False,line:Nervous_Eyes_030ac99,Nervous: I like your eyes.
Nervous,EYE,Nervous_Eyes,False,line:Nervous_Eyes_05ac725,Nervous: ...
Nervous,HANDS,Nervous_Hands,True,line:Nervous_Hands_05b3b9b,Nervous: I've learned to stop picking at my nails.
Nervous,HANDS,Nervous_Hands,True,line:Nervous_Hands_0ac2a5e,Nervous: ...
Nervous,TEETH,Nervous_Teeth,False,line:Nervous_Teeth_0baf6a7,Nervous: Those meds made my teeth a little thinny-winny...
Nervous,TEETH,Nervous_Teeth,False,line:Nervous_Teeth_0427d67,Nervous: ...
Nervous,AURAPHOTO,Nervous_Photo,False,line:Nervous_Photo_075fc5d,Nervous: I don't like that.
Nervous,AURAPHOTO,Nervous_Photo,False,line:Nervous_Photo_0cd504d,Nervous: Hm.
Nervous,AURAPHOTO,Nervous_Photo,False,line:Nervous_Photo_07032a0,Nervous: ...
Nervous,ARMPIT,Nervous_Armpit,True,line:Nervous_Armpit_085003a,Nervous: They never taught me how to take care of myself.
Nervous,ARMPIT,Nervous_Armpit,True,line:Nervous_Armpit_0f95e92,Nervous: But I saw how they did a little wishy-washy in the hospital.
Nervous,ARMPIT,Nervous_Armpit,True,line:Nervous_Armpit_0c13c48,Nervous: ...
Nervous,EAR,Nervous_Ears,False,line:Nervous_Ears_0787bb2,Nervous: I don't give them any attention.
Nervous,EAR,Nervous_Ears,False,line:Nervous_Ears_0badfd4,Nervous: ...
NotTrue,EYE,NotTrue_Eyes,False,line:NotTrue_Eyes_0341a49,"NotTrue: Oh, deary... Are you sure you want that?"
NotTrue,EYE,NotTrue_Eyes,False,line:NotTrue_Eyes_07657ff,"NotTrue: The eyes are like windows. For light in houses, and for truth in people."
NotTrue,EYE,NotTrue_Eyes,False,line:NotTrue_Eyes_06759ca,NotTrue: But mine are dusty... The glass is cracked... Moths ate the curtains long ago...
NotTrue,EYE,NotTrue_Eyes,False,line:NotTrue_Eyes_0c04892,"NotTrue: Don't look, deary. There's nothing there."
NotTrue,EYE,NotTrue_Eyes,False,line:NotTrue_Eyes_0b80e05,NotTrue: ...
NotTrue,HANDS,NotTrue_Hands,False,line:NotTrue_Hands_0b34446,NotTrue: ...
NotTrue,HANDS,NotTrue_Hands,False,line:NotTrue_Hands_07bd404,NotTrue: ...
NotTrue,TEETH,NotTrue_Teeth,False,line:NotTrue_Teeth_06aee02,NotTrue: My teeth?
NotTrue,TEETH,NotTrue_Teeth,False,line:NotTrue_Teeth_0fec80a,NotTrue: Aaaaaah.
NotTrue,TEETH,NotTrue_Teeth,False,line:NotTrue_Teeth_00aad5c,NotTrue: ...
NotTrue,AURAPHOTO,NotTrue_Photo,False,line:NotTrue_Photo_0c98ec1,"NotTrue: You're wastin' that film on lil ol' me? Well, I'll be!"
NotTrue,AURAPHOTO,NotTrue_Photo,False,line:NotTrue_Photo_0993c6f,NotTrue: ...
NotTrue,ARMPIT,NotTrue_Armpit,False,line:NotTrue_Armpit_07150ab,NotTrue: Feh! Making an old woman lift her arms... Have you no shame?
NotTrue,ARMPIT,NotTrue_Armpit,False,line:NotTrue_Armpit_066766f,"NotTrue: Well, what can I do? You are the owner of the fine house."
NotTrue,ARMPIT,NotTrue_Armpit,False,line:NotTrue_Armpit_091b9fa,NotTrue: ...
NotTrue,EAR,NotTrue_Ears,False,line:NotTrue_Ears_0d357c4,NotTrue: Mercy me! Now that's quite the notion.
NotTrue,EAR,NotTrue_Ears,False,line:NotTrue_Ears_031b821,NotTrue: ...
Nun,EYE,Nun_Eyes,True,line:Nun_Eyes_0306dfe,"Nun: Well, go on then. Go on."
Nun,EYE,Nun_Eyes,True,line:Nun_Eyes_09ff00c,Nun: ...
Nun,HANDS,Nun_Hands,False,line:Nun_Hands_0544d0c,Nun: Be quick about it.
Nun,HANDS,Nun_Hands,False,line:Nun_Hands_04d7036,Nun: ...
Nun,TEETH,Nun_Teeth,False,line:Nun_Teeth_04952ce,"Nun: Hmph, if you must."
Nun,TEETH,Nun_Teeth,False,line:Nun_Teeth_0de6700,Nun: ...
Nun,AURAPHOTO,Nun_Photo,False,line:Nun_Photo_08c2639,Nun: Photography? Pah! I have no time to waste on such nonsense!
Nun,AURAPHOTO,Nun_Photo,False,line:Nun_Photo_0495e4a,Nun: ...
Nun,ARMPIT,Nun_Armpit,False,line:Nun_Armpit_089dfe2,Nun: Such indecency!
Nun,ARMPIT,Nun_Armpit,False,line:Nun_Armpit_0be63cd,Nun: ...
Nun,ARMPIT,Nun_Armpit,False,line:Nun_Armpit_08e8ed8,Nun: ...I see you shall grant me no peace.
Nun,ARMPIT,Nun_Armpit,False,line:Nun_Armpit_03237ae,"Nun: Well then... If it is His will, let it be done."
Nun,ARMPIT,Nun_Armpit,False,line:Nun_Armpit_0ddac62,Nun: ...
Nun,EAR,Nun_Ears,False,line:Nun_Ears_0cc5880,Nun: You want to check my ears?! How very dare you!
Nun,EAR,Nun_Ears,False,line:Nun_Ears_0012cbd,Nun: ...
Provocateur,EYE,Provocateur_Eyes,True,line:Provocateur_Eyes_00f4e1e,"Provocateur: And what are you even looking for, hm? Redness?"
Provocateur,EYE,Provocateur_Eyes,True,line:Provocateur_Eyes_02460f1,"Provocateur: And what are you hoping to find there, hm? An evil stare?"
Provocateur,EYE,Provocateur_Eyes,True,line:Provocateur_Eyes_04931f9,Provocateur: ...
Provocateur,HANDS,Provocateur_Hands,True,line:Provocateur_Hands_01acfd1,Provocateur: My hands? What for?
Provocateur,HANDS,Provocateur_Hands,True,line:Provocateur_Hands_09553d3,Provocateur: ...
Provocateur,TEETH,Provocateur_Teeth,False,line:Provocateur_Teeth_0792627,"Provocateur: Maybe you'd like to see if there are any leftovers you can scavenge while you're in there, hm?"
Provocateur,TEETH,Provocateur_Teeth,False,line:Provocateur_Teeth_0f64a81,Provocateur: ...
Provocateur,AURAPHOTO,Provocateur_Photo,False,line:Provocateur_Photo_0ac7c32,"Provocateur: Want me to say cheese for you, too? Hm?"
Provocateur,AURAPHOTO,Provocateur_Photo,False,line:Provocateur_Photo_0786164,Provocateur: I'm sure it'll prove...something.
Provocateur,AURAPHOTO,Provocateur_Photo,False,line:Provocateur_Photo_02e98d8,Provocateur: ...
Provocateur,ARMPIT,Provocateur_Armpit,False,line:Provocateur_Armpit_00e2700,Provocateur: What?! My armpits?
Provocateur,ARMPIT,Provocateur_Armpit,False,line:Provocateur_Armpit_09b4bb2,Provocateur: ...
Provocateur,EAR,Provocateur_Ears,False,line:Provocateur_Ears_01e7dd3,"Provocateur: Oh, believe anything the TV says, do we?"
Provocateur,EAR,Provocateur_Ears,False,line:Provocateur_Ears_01711fd,"Provocateur: What if they say Visitors all have pubic hair, hm? Will we need to drop our pants for your unconstitutional inspections?"
Provocateur,EAR,Provocateur_Ears,False,line:Provocateur_Ears_00d2fd9,Provocateur: ...
Raskolnikov,EYE,Raskolnikov_Eyes,True,line:Raskolnikov_Eyes_08e1500,Raskolnikov: ...
Raskolnikov,EYE,Raskolnikov_Eyes,True,line:Raskolnikov_Eyes_02a7c0f,Raskolnikov: Just...don't be scared.
Raskolnikov,EYE,Raskolnikov_Eyes,True,line:Raskolnikov_Eyes_0a07fe0,Raskolnikov: ...
Raskolnikov,HANDS,Raskolnikov_Hands,True,line:Raskolnikov_Hands_010018e,"Raskolnikov: Oh... I mean, yeah. Do what you gotta do, man. Go ahead, take a look."
Raskolnikov,HANDS,Raskolnikov_Hands,True,line:Raskolnikov_Hands_0244ec5,Raskolnikov: ...
Raskolnikov,HANDS,Raskolnikov_Hands,True,line:Raskolnikov_Hands_0336bfa,"Raskolnikov: Yeah... They're kinda gnarly. I-I used to try and hide them, but... No point anymore."
Raskolnikov,HANDS,Raskolnikov_Hands,True,line:Raskolnikov_Hands_03789e8,Raskolnikov: …
Raskolnikov,HANDS,Raskolnikov_Hands,True,line:Raskolnikov_Hands_0a83515,Raskolnikov: ...
Raskolnikov,TEETH,Raskolnikov_Teeth,True,line:Raskolnikov_Teeth_053fd08,"Raskolnikov: Oh... Teeth? Yeah, sure sure."
Raskolnikov,TEETH,Raskolnikov_Teeth,True,line:Raskolnikov_Teeth_0a57436,Raskolnikov: ...
Raskolnikov,AURAPHOTO,Raskolnikov_Photo,False,line:Raskolnikov_Photo_0130107,Raskolnikov: Why do you need my picture?
Raskolnikov,AURAPHOTO,Raskolnikov_Photo,False,line:Raskolnikov_Photo_08456c0,"Raskolnikov: Can I, like, refuse?"
Raskolnikov,AURAPHOTO,Raskolnikov_Photo,False,line:Raskolnikov_Photo_01a795c,Raskolnikov: ...
Raskolnikov,AURAPHOTO,Raskolnikov_Photo,False,line:Raskolnikov_Photo_011ce2e,"Raskolnikov: H-Hey, no need to point that gun at me, man! Okay, okay, take my photo! Jeez..."
Raskolnikov,AURAPHOTO,Raskolnikov_Photo,False,line:Raskolnikov_Photo_0016119,Raskolnikov: ...
Raskolnikov,ARMPIT,Raskolnikov_Armpit,False,line:Raskolnikov_Armpit_04d11b2,Raskolnikov: Aw jeez... A-Are you sure this is necessary?
Raskolnikov,ARMPIT,Raskolnikov_Armpit,False,line:Raskolnikov_Armpit_0ed05d6,Raskolnikov: ...
Raskolnikov,EAR,Raskolnikov_Ears,False,line:Raskolnikov_Ears_0855f12,"Raskolnikov: O-Oh, yeah, sure. But why ears? I hope you're not expecting anything...awful."
Raskolnikov,EAR,Raskolnikov_Ears,False,line:Raskolnikov_Ears_05e2bf3,Raskolnikov: ...
Rocker,EYE,Rocker_Eyes,True,line:Rocker_Eyes_050ec7a,Unstable: Still get flashbacks from that wild ride.
Rocker,EYE,Rocker_Eyes,True,line:Rocker_Eyes_037557d,Rocker: ...
Rocker,HANDS,Rocker_Hands,False,line:Rocker_Hands_0de3c03,Rocker: Got that one tattoo.
Rocker,HANDS,Rocker_Hands,False,line:Rocker_Hands_0d44fd6,Rocker: ...
Rocker,TEETH,Rocker_Teeth,False,line:Rocker_Teeth_09d399f,Rocker: Yeeeah… These teeth have soaked up way too much smoke.
Rocker,TEETH,Rocker_Teeth,False,line:Rocker_Teeth_01ae7d8,"Rocker: Funny, huh…"
Rocker,TEETH,Rocker_Teeth,False,line:Rocker_Teeth_0c81384,Rocker: ...
Rocker,AURAPHOTO,Rocker_Photo,False,line:Rocker_Photo_0c05cd6,"Rocker: Hell, let’s take a photo together. Maybe I'll sign it!"
Rocker,AURAPHOTO,Rocker_Photo,False,line:Rocker_Photo_02d6129,Rocker: ...
Rocker,ARMPIT,Rocker_Armpit,False,line:Rocker_Armpit_0a4504b,Rocker: Be my guest.
Rocker,ARMPIT,Rocker_Armpit,False,line:Rocker_Armpit_02417e9,Rocker: ...
Rocker,EAR,Rocker_Ears,False,line:Rocker_Ears_0cd37a4,Rocker: I used to stretch my ears. Then… I got bored with it.
Rocker,EAR,Rocker_Ears,False,line:Rocker_Ears_08764b4,Rocker: ...
Scammer,EYE,Scammer_Eyes,False,line:Scammer_Eyes_0b23f40,Scammer: My eyes have been itchy as balls lately.
Scammer,EYE,Scammer_Eyes,False,line:Scammer_Eyes_01a1724,Scammer: You think it's from the sun? Kinda sus right?
Scammer,EYE,Scammer_Eyes,False,line:Scammer_Eyes_0900833,Scammer: ...
Scammer,HANDS,Scammer_Hands,True,line:Scammer_Hands_0759984,"Scammer: Da fuck, bro? I'm just a regular guy."
Scammer,HANDS,Scammer_Hands,True,line:Scammer_Hands_052bc2c,"Scammer: I don't do no crap with my nails, man, see?"
Scammer,HANDS,Scammer_Hands,True,line:Scammer_Hands_01230f0,Scammer: ...
Scammer,TEETH,Scammer_Teeth,False,line:Scammer_Teeth_01021e0,Scammer: Teeth I can do.
Scammer,TEETH,Scammer_Teeth,False,line:Scammer_Teeth_04415f2,Scammer: My homie was a dentist.
Scammer,TEETH,Scammer_Teeth,False,line:Scammer_Teeth_065a7fe,Scammer: Guess what? They knocked his fucking teeth out! HAHAHA!
Scammer,TEETH,Scammer_Teeth,False,line:Scammer_Teeth_0e91224,"Scammer: Oh, you wanna see them. Aight..."
Scammer,TEETH,Scammer_Teeth,False,line:Scammer_Teeth_00494bf,Scammer: ...
Scammer,AURAPHOTO,Scammer_Photo,True,line:Scammer_Photo_0d4a7e4,Scammer: Wanna snap a pic together? Aight.
Scammer,AURAPHOTO,Scammer_Photo,True,line:Scammer_Photo_06c5bc3,"Scammer: I'm pretty sensitive to light, f'real."
Scammer,AURAPHOTO,Scammer_Photo,True,line:Scammer_Photo_0681c91,Scammer: ...
Scammer,ARMPIT,Scammer_Armpit,False,line:Scammer_Armpit_0ab714f,Scammer: Da fuuuck...
Scammer,ARMPIT,Scammer_Armpit,False,line:Scammer_Armpit_05cff92,"Scammer: You picked a freaky hustle this time, douchebag."
Scammer,ARMPIT,Scammer_Armpit,False,line:Scammer_Armpit_0f5cd93,Scammer: ...
Scammer,EAR,Scammer_Ears,False,line:Scammer_Ears_057eef8,"Scammer: Hey, hands off my hustle, bro!"
Scammer,EAR,Scammer_Ears,False,line:Scammer_Ears_065972d,"Scammer: You take a peek, tell 'em they've got a Visitor Spirit in 'em, then charge 'em crazy cash to keep your mouth shut. Boom!"
Scammer,EAR,Scammer_Ears,False,line:Scammer_Ears_0a30826,"Scammer: I'm down with it, cause we're bros, bro. But don't try to pull none of that sus shit on me, yeah?"
Scammer,EAR,Scammer_Ears,False,line:Scammer_Ears_054f0ed,Scammer: ...
Sexy,EYE,FatalDame_Eyes,False,line:FatalDame_Eyes_0b721bf,FatalDame: Eyes can give away a lot about how a person thinks.
Sexy,EYE,FatalDame_Eyes,False,line:FatalDame_Eyes_09ed39a,FatalDame: ...
Sexy,HANDS,FatalDame_Hands,False,line:FatalDame_Hands_0ddd147,FatalDame: They say nothing compares to holding the hands of someone you love...
Sexy,HANDS,FatalDame_Hands,False,line:FatalDame_Hands_073c8ee,FatalDame: ...
Sexy,TEETH,FatalDame_Teeth,False,line:FatalDame_Teeth_0b9e053,FatalDame: Do you like what you see?
Sexy,TEETH,FatalDame_Teeth,False,line:FatalDame_Teeth_07b8e0e,FatalDame: ...
Sexy,AURAPHOTO,FatalDame_Photo,False,line:FatalDame_Photo_08e442f,"FatalDame: Sorry, baby... I'm tired of posing..."
Sexy,AURAPHOTO,FatalDame_Photo,False,line:FatalDame_Photo_023a6ae,"FatalDame: Let's move on to some more...physical...checks, shall we?"
Sexy,AURAPHOTO,FatalDame_Photo,False,line:FatalDame_Photo_009f8e6,FatalDame: ...
Sexy,ARMPIT,FatalDame_Armpit,False,line:FatalDame_Armpit_07e92f9,"FatalDame: Of course, baby. I can't never refuse you..."
Sexy,ARMPIT,FatalDame_Armpit,False,line:FatalDame_Armpit_0990672,FatalDame: …
Sexy,EAR,FatalDame_Ears,False,line:FatalDame_Ears_031b72d,"FatalDame: Mm, is this your fetish, baby?"
Sexy,EAR,FatalDame_Ears,False,line:FatalDame_Ears_0902806,FatalDame: Tell me...I don't mind.
Sexy,EAR,FatalDame_Ears,False,line:FatalDame_Ears_0cc9d0d,FatalDame: ...
Sirin,EYE,Sirin_Eyes,False,line:Sirin_Eyes_066254e,Sirin: My sister and I have similar eyes.
Sirin,EYE,Sirin_Eyes,False,line:Sirin_Eyes_0323016,Sirin: ...
Sirin,HANDS,Sirin_Hands,False,line:Sirin_Hands_0110335,Sirin: My sister helps me.
Sirin,HANDS,Sirin_Hands,False,line:Sirin_Hands_0c7510b,Sirin: ...
Sirin,TEETH,Sirin_Teeth,False,line:Sirin_Teeth_02994b0,Sirin: Take a look.
Sirin,TEETH,Sirin_Teeth,False,line:Sirin_Teeth_0a763ee,Sirin: ...
Sirin,AURAPHOTO,Sirin_Photo,False,line:Sirin_Photo_0e3750e,Sirin: I don't care if anything's left after.
Sirin,AURAPHOTO,Sirin_Photo,False,line:Sirin_Photo_0ab293e,Sirin: Do whatever you think you should.
Sirin,AURAPHOTO,Sirin_Photo,False,line:Sirin_Photo_0c6b19c,Sirin: ...
Sirin,ARMPIT,Sirin_Armpit,False,line:Sirin_Armpit_024ae43,Sirin: My sister shaves my armpits. She takes care of me.
Sirin,ARMPIT,Sirin_Armpit,False,line:Sirin_Armpit_0dfcdda,Sirin: ...
Sirin,EAR,Sirin_Ears,True,line:Sirin_Ears_0ae3e21,Sirin: All I have left is an earring.
Sirin,EAR,Sirin_Ears,True,line:Sirin_Ears_0108984,Sirin: It reminds me of my parents.
Sirin,EAR,Sirin_Ears,True,line:Sirin_Ears_0387720,Sirin: ...
TaxiDriver,EYE,TaxiDriver_Eyes,True,line:TaxiDriver_Eyes_0539502,TaxiDriver: My eyes are always tired. Hard to keep 'em shut though.
TaxiDriver,EYE,TaxiDriver_Eyes,True,line:TaxiDriver_Eyes_0034d83,TaxiDriver: ...
TaxiDriver,EYE,TaxiDriver_Eyes,True,line:TaxiDriver_Eyes_0f4269f,"TaxiDriver: I'm just used to... watchin' everything. Who's drivin' behind me, who's starin', who's stayin' eerily quiet..."
TaxiDriver,EYE,TaxiDriver_Eyes,True,line:TaxiDriver_Eyes_03e6b45,TaxiDriver: Work habits. Can't shake 'em. So I kinda got insomnia now.
TaxiDriver,EYE,TaxiDriver_Eyes,True,line:TaxiDriver_Eyes_00e1d79,TaxiDriver: ...
TaxiDriver,HANDS,TaxiDriver_Hands,True,line:TaxiDriver_Hands_0d7afd4,"TaxiDriver: Alright... They ain't exactly pretty, though."
TaxiDriver,HANDS,TaxiDriver_Hands,True,line:TaxiDriver_Hands_00d746c,TaxiDriver: ...
TaxiDriver,TEETH,TaxiDriver_Teeth,True,line:TaxiDriver_Teeth_0a70d1d,"TaxiDriver: Teeth are just teeth, you know? Nothin' special."
TaxiDriver,TEETH,TaxiDriver_Teeth,True,line:TaxiDriver_Teeth_06dde98,TaxiDriver: I always kinda kept an eye on mine. Even whitened 'em when I was a kid.
TaxiDriver,TEETH,TaxiDriver_Teeth,True,line:TaxiDriver_Teeth_0816952,TaxiDriver: ...
TaxiDriver,AURAPHOTO,TaxiDriver_Photo,False,line:TaxiDriver_Photo_0e84785,"TaxiDriver: Go on, man. I'm ready."
TaxiDriver,AURAPHOTO,TaxiDriver_Photo,False,line:TaxiDriver_Photo_0bcf126,TaxiDriver: ...
TaxiDriver,ARMPIT,TaxiDriver_Armpit,False,line:TaxiDriver_Armpit_0bab3ec,"TaxiDriver: Nothin' special about 'em, really."
TaxiDriver,ARMPIT,TaxiDriver_Armpit,False,line:TaxiDriver_Armpit_09b6314,TaxiDriver: ...
TaxiDriver,EAR,TaxiDriver_Ears,False,line:TaxiDriver_Ears_007d354,TaxiDriver: My ears? They're just like anybody else's. Nothin' interestin' about 'em.
TaxiDriver,EAR,TaxiDriver_Ears,False,line:TaxiDriver_Ears_02c132b,TaxiDriver: ...
Teacher,EYE,Teacher_Eyes,False,line:Teacher_Eyes_02ac586,Teacher: Look...
Teacher,EYE,Teacher_Eyes,False,line:Teacher_Eyes_01c4232,Teacher: ...
Teacher,HANDS,Teacher_Hands,False,line:Teacher_Hands_017e74c,Teacher: Here...
Teacher,HANDS,Teacher_Hands,False,line:Teacher_Hands_0db89f2,Teacher: ...
Teacher,TEETH,Teacher_Teeth,False,line:Teacher_Teeth_08fc9f3,Teacher: See?
Teacher,TEETH,Teacher_Teeth,False,line:Teacher_Teeth_0e9968d,Teacher: ...
Teacher,AURAPHOTO,Teacher_Photo,False,line:Teacher_Photo_031997e,"Teacher: Fine, if you must..."
Teacher,AURAPHOTO,Teacher_Photo,False,line:Teacher_Photo_09e57da,Teacher: ...
Teacher,ARMPIT,Teacher_Armpit,False,line:Teacher_Armpit_06da366,Teacher: Are... Are you sure this is really necessary? These confounded signs...
Teacher,ARMPIT,Teacher_Armpit,False,line:Teacher_Armpit_021840b,Teacher: ...
Teacher,EAR,Teacher_Ears,False,line:Teacher_Ears_060fd4e,Teacher: ...
Teacher,EAR,Teacher_Ears,False,line:Teacher_Ears_030d2af,Teacher: ...
Theorist,EYE,Theorist_Eyes,False,line:Theorist_Eyes_0da10f7,"Theorist: Ah, the eyes. Yes, of course."
Theorist,EYE,Theorist_Eyes,False,line:Theorist_Eyes_0c282cd,Theorist: …
Theorist,HANDS,Theorist_Hands,True,line:Theorist_Hands_09793ad,Theorist: Sure.
Theorist,HANDS,Theorist_Hands,True,line:Theorist_Hands_0245f2d,Theorist: ...
Theorist,TEETH,Theorist_Teeth,True,line:Theorist_Teeth_046ce8f,Theorist: Here.
Theorist,TEETH,Theorist_Teeth,True,line:Theorist_Teeth_093cc81,Theorist: ...
Theorist,AURAPHOTO,Theorist_Photo,False,line:Theorist_Photo_044905e,Theorist: A photo?
Theorist,AURAPHOTO,Theorist_Photo,False,line:Theorist_Photo_0b2a89d,Theorist: …
Theorist,ARMPIT,Theorist_Armpit,False,line:Theorist_Armpit_0359fd6,"Theorist: Armpits, you say? ...Now that's unusual."
Theorist,ARMPIT,Theorist_Armpit,False,line:Theorist_Armpit_00594ee,Theorist: …
Theorist,EAR,Theorist_Ears,True,line:Theorist_Ears_0437fcd,"Theorist: Ears? Ah, I see."
Theorist,EAR,Theorist_Ears,True,line:Theorist_Ears_0e23cb0,Theorist: …
Tough,EYE,Tough_Eyes,False,line:Tough_Eyes_0fce340,Tough: I've seen a lot of shit in my life.
Tough,EYE,Tough_Eyes,False,line:Tough_Eyes_0849ecc,"Tough: I'm sure it's all right there, if you care to look."
Tough,EYE,Tough_Eyes,False,line:Tough_Eyes_0f5c4bb,Tough: …
Tough,HANDS,Tough_Hands,False,line:Tough_Hands_098c9c6,Tough: I like feeling pretty.
Tough,HANDS,Tough_Hands,False,line:Tough_Hands_0228cff,"Tough: Nobody ever says it to me, but it’s nice to feel that way for myself."
Tough,HANDS,Tough_Hands,False,line:Tough_Hands_0f34c93,Tough: …
Tough,TEETH,Tough_Teeth,False,line:Tough_Teeth_040efd8,"Tough: My canines stick out, they've been that way since I was a kid."
Tough,TEETH,Tough_Teeth,False,line:Tough_Teeth_0f7f77b,Tough: I got teased for it a lot. Not anymore.
Tough,TEETH,Tough_Teeth,False,line:Tough_Teeth_0c955f1,Tough: …
Tough,AURAPHOTO,Tough_Photo,False,line:Tough_Photo_0718853,"Tough: I don’t take pictures often. But sure, let’s see what comes out."
Tough,AURAPHOTO,Tough_Photo,False,line:Tough_Photo_068c147,Tough: …
Tough,EAR,Tough_Ears,False,line:Tough_Ears_02d1701,"Tough: Just got my ears pierced, actually."
Tough,EAR,Tough_Ears,False,line:Tough_Ears_0936760,Tough: …
Tourist,EYE,Tourist_Eyes,True,line:Tourist_Eyes_01bf0b4,Tourist: My eyes? No problem.
Tourist,EYE,Tourist_Eyes,True,line:Tourist_Eyes_0a6f3fa,Tourist: …
Tourist,HANDS,Tourist_Hands,True,line:Tourist_Hands_028e249,Tourist: My hands? You're looking for some kind of rash?
Tourist,HANDS,Tourist_Hands,True,line:Tourist_Hands_073f97e,Tourist: …
Tourist,TEETH,Tourist_Teeth,False,line:Tourist_Teeth_0aceaa6,Tourist: You mean…teeth can show if I caught the virus?
Tourist,TEETH,Tourist_Teeth,False,line:Tourist_Teeth_0190f4d,Tourist: …
Tourist,TEETH,Tourist_Teeth,False,line:Tourist_Teeth_067a841,"Tourist: Well, if it helps…"
Tourist,TEETH,Tourist_Teeth,False,line:Tourist_Teeth_0f83af8,Tourist: …
Tourist,AURAPHOTO,Tourist_Photo,True,line:Tourist_Photo_05b48a7,Tourist: Is that some kind of government tech to detect infections?
Tourist,AURAPHOTO,Tourist_Photo,True,line:Tourist_Photo_0d4ed26,"Tourist: If that's what this is, I'm happy to try it."
Tourist,AURAPHOTO,Tourist_Photo,True,line:Tourist_Photo_077ab4c,Tourist: …
Tourist,ARMPIT,Tourist_Armpit,False,line:Tourist_Armpit_0c4c542,Tourist: What?
Tourist,ARMPIT,Tourist_Armpit,False,line:Tourist_Armpit_00b93e9,Tourist: …
Tourist,ARMPIT,Tourist_Armpit,False,line:Tourist_Armpit_01720c6,Tourist: …
Tourist,EAR,Tourist_Ears,False,line:Tourist_Ears_079e44c,"Tourist: Oh, that makes sense. What if the virus spreads through the ear canal?"
Tourist,EAR,Tourist_Ears,False,line:Tourist_Ears_0c630d1,Tourist: …
Unstable,EYE,Unstable_Eyes,False,line:Unstable_Eyes_072298c,"Unstable: I saw the report. The eyes should be a kinda dark, murky green."
Unstable,EYE,Unstable_Eyes,False,line:Unstable_Eyes_0c96234,"Unstable: Don’t mix it up though, there’s lots of types of green in the world these days."
Unstable,EYE,Unstable_Eyes,False,line:Unstable_Eyes_0947067,Unstable: …
Unstable,HANDS,Unstable_Hands,True,line:Unstable_Hands_0228e92,"Unstable: I kinda get itchy a lot, like ants running all over... Ha."
Unstable,HANDS,Unstable_Hands,True,line:Unstable_Hands_0967649,"Unstable: Don't think I've been picking at anything, so my hands should be fine."
Unstable,HANDS,Unstable_Hands,True,line:Unstable_Hands_01983c1,Unstable: ...
Unstable,TEETH,Unstable_Teeth,True,line:Unstable_Teeth_0ea7d61,Unstable: Did I tell you I can taste Enerjeka even when I’m not drinking it?
Unstable,TEETH,Unstable_Teeth,True,line:Unstable_Teeth_060e928,Unstable: Feels like it's made of some mad chemicals.
Unstable,TEETH,Unstable_Teeth,True,line:Unstable_Teeth_0ca5f4b,"Unstable: But who cares, right?"
Unstable,TEETH,Unstable_Teeth,True,line:Unstable_Teeth_0f808e9,Unstable: …
Unstable,AURAPHOTO,Unstable_Photo,False,line:Unstable_Photo_072a783,Unstable: I only ever got my pictures taken at parties.
Unstable,AURAPHOTO,Unstable_Photo,False,line:Unstable_Photo_0128d5d,Unstable: People don’t really throw parties anymore. Or maybe they just don’t invite me. Ha.
Unstable,AURAPHOTO,Unstable_Photo,False,line:Unstable_Photo_0bbc708,Unstable: …
Unstable,ARMPIT,Unstable_Armpit,False,line:Unstable_Armpit_05c6d63,"Unstable: Ah, the only sign that makes sense."
Unstable,ARMPIT,Unstable_Armpit,False,line:Unstable_Armpit_059ab57,Unstable: …
Unstable,EAR,Unstable_Ears,False,line:Unstable_Ears_021926d,"Unstable: Fine, why not."
Unstable,EAR,Unstable_Ears,False,line:Unstable_Ears_077bd09,Unstable: …
Wheelchair,EYE,Wheelchair_Eyes,False,line:Wheelchair_Eyes_02b0330,Wheelchair: Where do you want me to look? Right at you?
Wheelchair,EYE,Wheelchair_Eyes,False,line:Wheelchair_Eyes_0d21171,Wheelchair:...
Wheelchair,HANDS,Wheelchair_Hands,True,line:Wheelchair_Hands_04505ed,"Wheelchair: Hey, I'm just grateful I still even HAVE hands."
Wheelchair,HANDS,Wheelchair_Hands,True,line:Wheelchair_Hands_04dfb8c,"Wheelchair: If I didn't, I wouldn't be able to race!"
Wheelchair,HANDS,Wheelchair_Hands,True,line:Wheelchair_Hands_0409ace,Wheelchair:...
Wheelchair,TEETH,Wheelchair_Teeth,True,line:Wheelchair_Teeth_0f1f749,"Wheelchair: Here, take a look."
Wheelchair,TEETH,Wheelchair_Teeth,True,line:Wheelchair_Teeth_0f16e5f,Wheelchair: ...
Wheelchair,AURAPHOTO,Wheelchair_Photo,False,line:Wheelchair_Photo_0c772bc,Wheelchair: You wanna take a photo of me?
Wheelchair,AURAPHOTO,Wheelchair_Photo,False,line:Wheelchair_Photo_0ea3139,"Wheelchair: Not really the biggest fan of being photographed, but whatever."
Wheelchair,AURAPHOTO,Wheelchair_Photo,False,line:Wheelchair_Photo_0070fc5,Wheelchair: ...
Wheelchair,ARMPIT,Wheelchair_Armpit,False,line:Wheelchair_Armpit_04a006a,Wheelchair: Huh?
Wheelchair,ARMPIT,Wheelchair_Armpit,False,line:Wheelchair_Armpit_06fdd41,"Wheelchair: Sure thing, I guess... HAHAHAHA, okay, damn, that's good!"
Wheelchair,ARMPIT,Wheelchair_Armpit,False,line:Wheelchair_Armpit_06bc294,Wheelchair:...
Wheelchair,EAR,Wheelchair_Ears,True,line:Wheelchair_Ears_0f570f2,"Wheelchair: So you picked up that broadcast, too?"
Wheelchair,EAR,Wheelchair_Ears,True,line:Wheelchair_Ears_0ab2c96,Wheelchair: ...
Wheelchair,EAR,Wheelchair_Ears,True,line:Wheelchair_Ears_044904f,Wheelchair: ...
Wheelchair,EAR,Wheelchair_Ears,True,line:Wheelchair_Ears_029dd06,"Wheelchair: Well, yeah. What? Yeah?"
Wheelchair,EAR,Wheelchair_Ears,True,line:Wheelchair_Ears_0fb5b4a,"Wheelchair: ...Wait, you didn't?"
Wheelchair,EAR,Wheelchair_Ears,True,line:Wheelchair_Ears_061ab27,Wheelchair: ...
Widow,EYE,Widow_Eyes,False,line:Widow_Eyes_028b9bc,Widow: What are you looking for? Redness?
Widow,EYE,Widow_Eyes,False,line:Widow_Eyes_0e75924,Widow: If you must...
Widow,EYE,Widow_Eyes,False,line:Widow_Eyes_009a0a5,Widow: ...
Widow,HANDS,Widow_Hands,False,line:Widow_Hands_0a13908,Widow: Hands...? One second.
Widow,HANDS,Widow_Hands,False,line:Widow_Hands_02f2db4,Widow: They're worn out from carrying the one they refused to save.
Widow,HANDS,Widow_Hands,False,line:Widow_Hands_066cab7,Widow: ...
Widow,TEETH,Widow_Teeth,False,line:Widow_Teeth_0c45747,Widow: What?
Widow,TEETH,Widow_Teeth,False,line:Widow_Teeth_05a6004,Widow: Um... Okay.
Widow,TEETH,Widow_Teeth,False,line:Widow_Teeth_05c0434,Widow: ...
Widow,AURAPHOTO,Widow_Photo,False,line:Widow_Photo_04d4c05,"Widow: No one helped me save my husband, and now..."
Widow,AURAPHOTO,Widow_Photo,False,line:Widow_Photo_0d30fbf,Widow: YOU WANT TO MEMORIALIZE HIS DEATH?
Widow,AURAPHOTO,Widow_Photo,False,line:Widow_Photo_0e3ec53,Widow: ...
Widow,AURAPHOTO,Widow_Photo,False,line:Widow_Photo_0e2b98e,Widow: I have no words left.
Widow,AURAPHOTO,Widow_Photo,False,line:Widow_Photo_06bb696,Widow: Just do what you want and leave me alone.
Widow,AURAPHOTO,Widow_Photo,False,line:Widow_Photo_0fe9f49,Widow: ...
Widow,ARMPIT,Widow_Armpit,False,line:Widow_Armpit_05c996d,Widow: Are you insane?
Widow,ARMPIT,Widow_Armpit,False,line:Widow_Armpit_0732501,"Widow: Please tell me, ARE YOU INSANE?!"
Widow,ARMPIT,Widow_Armpit,False,line:Widow_Armpit_0172de8,"Widow: If those devils told you to jump off a cliff, would you be the first over the edge?"
Widow,ARMPIT,Widow_Armpit,False,line:Widow_Armpit_06f931f,Widow: You... For fuck's— I have no words.
Widow,ARMPIT,Widow_Armpit,False,line:Widow_Armpit_087c76b,Widow: ...
Widow,EAR,Widow_Ears,False,line:Widow_Ears_073b82e,Widow: What do you want from me?
Widow,EAR,Widow_Ears,False,line:Widow_Ears_069a9d9,Widow: ...
Widow,EAR,Widow_Ears_Gun,False,line:Widow_Ears_Gun_088b17c,Widow: Really? You'd go that far...?
Widow,EAR,Widow_Ears_Gun,False,line:Widow_Ears_Gun_0bcd32e,Widow: I don't know what to tell you.
Widow,EAR,Widow_Ears_Gun,False,line:Widow_Ears_Gun_0690ff2,Widow: ...
Wifefema,EYE,Wifefema_Eyes,True,line:Wifefema_Eyes_036c54c,Wifefema: It's so damn dry here... That's why I'm blinking a lot.
Wifefema,EYE,Wifefema_Eyes,True,line:Wifefema_Eyes_0d552ef,Wifefema: ...
Wifefema,HANDS,Wifefema_Hands,False,line:Wifefema_Hands_0bba680,Wifefema: Sure.
Wifefema,HANDS,Wifefema_Hands,False,line:Wifefema_Hands_0b2c718,Wifefema: ...
Wifefema,TEETH,Wifefema_Teeth,False,line:Wifefema_Teeth_0456da6,Wifefema: Here.
Wifefema,TEETH,Wifefema_Teeth,False,line:Wifefema_Teeth_05dd7a1,Wifefema: ...
Wifefema,AURAPHOTO,Wifefema_Photo,False,line:Wifefema_Photo_0bd28cb,"Wifefema: If you insist... Just don't go showin' my hubby, now."
Wifefema,AURAPHOTO,Wifefema_Photo,False,line:Wifefema_Photo_0214c50,Wifefema: ...
Wifefema,ARMPIT,Wifefema_Armpit,True,line:Wifefema_Armpit_03d68e4,"Wifefema: You can put that look back in your pocket, mister. You asked for it!"
Wifefema,ARMPIT,Wifefema_Armpit,True,line:Wifefema_Armpit_0ac1091,Wifefema: ...
Wifefema,EAR,Wifefema_Ears,False,line:Wifefema_Ears_036641b,"Here, take a look."
Wifefema,EAR,Wifefema_Ears,False,line:Wifefema_Ears_0e4c32a,Wifefema: ...
Wolfhound,EYE,Wolfhound_Eyes,False,line:Wolfhound_Eyes_025e91c,Wolfhound: Looking to find a stranger in me? Eh?
Wolfhound,EYE,Wolfhound_Eyes,False,line:Wolfhound_Eyes_010b744,Wolfhound: Not afraid you'll see yourself in there?
Wolfhound,EYE,Wolfhound_Eyes,False,line:Wolfhound_Eyes_0d5a77e,Wolfhound: ...
Wolfhound,HANDS,Wolfhound_Hands,False,line:Wolfhound_Hands_08d7cb0,"Wolfhound: Yeah, they ain't clean. Killed some mug just the other day, actually."
Wolfhound,HANDS,Wolfhound_Hands,False,line:Wolfhound_Hands_025fcf5,"Wolfhound: They tried to kill me first, mate. Like I'd just stand there waitin' like a muppet."
Wolfhound,HANDS,Wolfhound_Hands,False,line:Wolfhound_Hands_025ccbc,"Wolfhound: Some freeze, some run."
Wolfhound,HANDS,Wolfhound_Hands,False,line:Wolfhound_Hands_0a0174b,"Wolfhound: Me? I hit back, sunshine."
Wolfhound,HANDS,Wolfhound_Hands,False,line:Wolfhound_Hands_0d9a506,Wolfhound: ...
Wolfhound,TEETH,Wolfhound_Teeth,False,line:Wolfhound_Teeth_0c6f2f7,"Wolfhound: Careful now, sunshine."
Wolfhound,TEETH,Wolfhound_Teeth,False,line:Wolfhound_Teeth_03d8e55,Wolfhound: Get too close and I'll have to sink these teeth right into your neck.
Wolfhound,TEETH,Wolfhound_Teeth,False,line:Wolfhound_Teeth_04d5c89,Wolfhound: ...
Wolfhound,AURAPHOTO,Wolfhound_Photo,True,line:Wolfhound_Photo_0aabc04,"Wolfhound: I don't appreciate bein' photographed, sunshine."
Wolfhound,AURAPHOTO,Wolfhound_Photo,True,line:Wolfhound_Photo_0cf41b5,"Wolfhound: If I find out those photos've ended up anywhere but the rubbish, you and me'll be 'aving words."
Wolfhound,AURAPHOTO,Wolfhound_Photo,True,line:Wolfhound_Photo_04a2740,Wolfhound: Got it?
Wolfhound,AURAPHOTO,Wolfhound_Photo,True,line:Wolfhound_Photo_0344fb0,Wolfhound: ...
Wolfhound,ARMPIT,Wolfhound_Armpit,True,line:Wolfhound_Armpit_09a7b1c,"Wolfhound: That, I don't respect, sunshine. And I'll remember it."
Wolfhound,ARMPIT,Wolfhound_Armpit,True,line:Wolfhound_Armpit_0057b1a,Wolfhound: ...
Wolfhound,EAR,Wolfhound_Ears,False,line:Wolfhound_Ears_05455e1,"Wolfhound: What next? ""My, what big teeth you 'ave!"" This is mental."
Wolfhound,EAR,Wolfhound_Ears,False,line:Wolfhound_Ears_0d040f1,Wolfhound: ...
